0.00000000,0.50000000,0.60156250,0.70312500,0.80468750,0.90625000,1.00781250,1.10937500,1.21093750,1.31250000,1.41406250,1.51562500,1.61718750,1.71875000,1.82031250,1.92187500,2.02343750,2.12500000,2.22656250,2.32812500,2.42968750,2.53125000,2.63281250,2.73437500,2.83593750,2.93750000,3.03906250,3.14062500,3.24218750,3.34375000,3.44531250,3.54687500,3.64843750,3.75000000,3.85156250,3.95312500,4.05468750,4.15625000,4.25781250,4.35937500,4.46093750,4.56250000,4.66406250,4.76562500,4.86718750,4.96875000,5.07031250,5.17187500,5.27343750,5.37500000,5.47656250,5.57812500,5.67968750,5.78125000,5.88281250,5.98437500,6.08593750,6.18750000,6.28906250,6.39062500,6.49218750,6.59375000,6.69531250,6.79687500,6.89843750,7.00000000
0.00000000,0.00000000,0.00000000,0.00000000,0.00000000,0.00000000,0.00000000,0.00000000,0.00000000,0.00000000,0.00000000,0.00000000,0.00000000,0.00000000,0.00000000,0.00000000,0.00000000,0.00000000,0.00000000,0.00000000,0.00000000,0.00000000,0.00000000,0.00000000,0.00000000,0.00000000,0.00000000,0.00000000,0.00000000,0.00000000,0.00000000,0.00000000,0.00000000,0.00000000,0.00000000,0.00000000,0.00000000,0.00000000,0.00000000,0.00000000,0.00000000,0.00000000,0.00000000,0.00000000,0.00000000,0.00000000,0.00000000,0.00000000,0.00000000,0.00000000,0.00000000,0.00000000,0.00000000,0.00000000,0.00000000,0.00000000,0.00000000,0.00000000,0.00000000,0.00000000,0.00000000,0.00000000,0.00000000,0.00000000,0.00000000,0.00000000
0.00344828,0.00278535,0.00401729,0.00546496,0.00712276,0.00898436,0.01104278,0.01329042,0.01571918,0.01832044,0.02108522,0.02400422,0.02706788,0.03026645,0.03359007,0.03702883,0.04057284,0.04421227,0.04793741,0.05173872,0.05560690,0.05953286,0.06350781,0.06752331,0.07157120,0.07564372,0.07973347,0.08383342,0.08793696,0.09203784,0.09613023,0.10020866,0.10426809,0.10830383,0.11231155,0.11628731,0.12022749,0.12412881,0.12798833,0.13180339,0.13557162,0.13929094,0.14295953,0.14657580,0.15013839,0.15364618,0.15709822,0.16049377,0.16383223,0.16711320,0.17033639,0.17350168,0.17660905,0.17965859,0.18265051,0.18558510,0.18846274,0.19128389,0.19404906,0.19675884,0.19941387,0.20201482,0.20456242,0.20705743,0.20950063,0.21189285
0.00689655,0.00557077,0.00803468,0.01093004,0.01424567,0.01796890,0.02208578,0.02658111,0.03143865,0.03664121,0.04217082,0.04800886,0.05413620,0.06053336,0.06718061,0.07405814,0.08114617,0.08842501,0.09587526,0.10347786,0.11121414,0.11906598,0.12701579,0.13504664,0.14314227,0.15128711,0.15946637,0.16766601,0.17587277,0.18407417,0.19225852,0.20041494,0.20853327,0.21660416,0.22461897,0.23256978,0.24044936,0.24825117,0.25596929,0.26359842,0.27113382,0.27857133,0.28590729,0.29313855,0.30026238,0.30727652,0.31417910,0.32096860,0.32764388,0.33420408,0.34064868,0.34697739,0.35319019,0.35928727,0.36526905,0.37113610,0.37688923,0.38252929,0.38805735,0.39347458,0.39878225,0.40398172,0.40907445,0.41406197,0.41894583,0.42372769
0.01034483,0.00835632,0.01205225,0.01639537,0.02136889,0.02695383,0.03312924,0.03987234,0.04715875,0.05496268,0.06325718,0.07201432,0.08120541,0.09080120,0.10077213,0.11108845,0.12172047,0.13263871,0.14381402,0.15521780,0.16682208,0.17859963,0.19052408,0.20257003,0.21471306,0.22692984,0.23919815,0.25149693,0.26380627,0.27610747,0.28838297,0.30061643,0.31279265,0.32489751,0.33691812,0.34884256,0.36066000,0.37236061,0.38393551,0.39537673,0.40667719,0.41783062,0.42883155,0.43967522,0.45035758,0.46087521,0.47122530,0.48140560,0.49141437,0.50125037,0.51091278,0.52040118,0.52971556,0.53885620,0.54782373,0.55661903,0.56524326,0.57369778,0.58198417,0.59010419,0.59805974,0.60585290,0.61348584,0.62096084,0.62828031,0.63544663
0.01379310,0.01114206,0.01607009,0.02186106,0.02849257,0.03593934,0.04417339,0.05316437,0.06287976,0.07328518,0.08434468,0.09602102,0.10827594,0.12107044,0.13436508,0.14812022,0.16229625,0.17685384,0.19175413,0.20695897,0.22243106,0.23813407,0.25403285,0.27009349,0.28628344,0.30257157,0.31892823,0.33532534,0.35173632,0.36813623,0.38450165,0.40081075,0.41704326,0.43318039,0.44920486,0.46510082,0.48085381,0.49645068,0.51187962,0.52712998,0.54219232,0.55705828,0.57172055,0.58617279,0.60040960,0.61442643,0.62821952,0.64178588,0.65512320,0.66822982,0.68110466,0.69374718,0.70615736,0.71833559,0.73028271,0.74199992,0.75348877,0.76475108,0.77578897,0.78660481,0.79720114,0.80758073,0.81774652,0.82770151,0.83744894,0.84699209
0.01724138,0.01392805,0.02008829,0.02732723,0.03561688,0.04492561,0.05521846,0.06645747,0.07860199,0.09160905,0.10543370,0.12002937,0.13534823,0.15134154,0.16795997,0.18515396,0.20287398,0.22107087,0.23969604,0.25870178,0.27804142,0.29766957,0.31754226,0.33761706,0.35785328,0.37821197,0.39865606,0.41915040,0.43966177,0.46015893,0.48061262,0.50099551,0.52128224,0.54144930,0.56147508,0.58133974,0.60102514,0.62051494,0.63979426,0.65884984,0.67766983,0.69624379,0.71456258,0.73261828,0.75040412,0.76791442,0.78514450,0.80209062,0.81874990,0.83512027,0.85120039,0.86698962,0.88248791,0.89769579,0.91261433,0.92724504,0.94158986,0.95565110,0.96943144,0.98293382,0.99616149,1.00911791,1.02180672,1.03423181,1.04639715,1.05830689
0.02068966,0.01671436,0.02410695,0.03279402,0.04274197,0.05391284,0.06626467,0.07975190,0.09432575,0.10993464,0.12652461,0.14403978,0.16242272,0.18161496,0.20155726,0.22219015,0.24345416,0.26529028,0.28764020,0.31044662,0.33365352,0.35720640,0.38105246,0.40514076,0.42942243,0.45385071,0.47838106,0.50297127,0.52758145,0.55217406,0.57671396,0.60116832,0.62550666,0.64970076,0.67372463,0.69755444,0.72116845,0.74454699,0.76767210,0.79052797,0.81310034,0.83537666,0.85734596,0.87899872,0.90032684,0.92132349,0.94198306,0.96230108,0.98227410,1.00189966,1.02117618,1.04010283,1.05867968,1.07690734,1.09478711,1.11232084,1.12951089,1.14636004,1.16287155,1.17904898,1.19489623,1.21041751,1.22561723,1.24050005,1.25507079,1.26933445
0.02413793,0.01950106,0.02812615,0.03826153,0.04986798,0.06290121,0.07731226,0.09304795,0.11005135,0.12826229,0.14761780,0.16805266,0.18949988,0.21189117,0.23515745,0.25922927,0.28403728,0.30951256,0.33558706,0.36219390,0.38926770,0.41674481,0.44456360,0.47266462,0.50099076,0.52948745,0.55810267,0.58678712,0.61549421,0.64418011,0.67280375,0.70132679,0.72971362,0.75793128,0.78594939,0.81374015,0.84127811,0.86854026,0.89550580,0.92215608,0.94847450,0.97444643,1.00005901,1.02530121,1.05016351,1.07463798,1.09871808,1.12239860,1.14567555,1.16854605,1.19100828,1.21306138,1.23470537,1.25594099,1.27676984,1.29719409,1.31721653,1.33684046,1.35606969,1.37490845,1.39336131,1.41143321,1.42912936,1.44645522,1.46341641,1.48001897
0.02758621,0.02228821,0.03214600,0.04372990,0.05699509,0.07189092,0.08836144,0.10634586,0.12577910,0.14659235,0.16871365,0.19206843,0.21658011,0.24217063,0.26876101,0.29627184,0.32462383,0.35373818,0.38353707,0.41394404,0.44488430,0.47628508,0.50807586,0.54018865,0.57255813,0.60512185,0.63782032,0.67059713,0.70339887,0.73617556,0.76888005,0.80146853,0.83390021,0.86613737,0.89814526,0.92989199,0.96134854,0.99248849,1.02328804,1.05372588,1.08378303,1.11344266,1.14269019,1.17151290,1.19989998,1.22784236,1.25533256,1.28236467,1.30893412,1.33503768,1.36067329,1.38584000,1.41053784,1.43476779,1.45853163,1.48183192,1.50467189,1.52705538,1.54898679,1.57047098,1.59151327,1.61211934,1.63229519,1.65204713,1.67138181,1.69030563
0.03103448,0.02507587,0.03616657,0.04919924,0.06412344,0.08088217,0.09941247,0.11964592,0.14150929,0.16492516,0.18981254,0.21608751,0.24366388,0.27245382,0.30236842,0.33331833,0.36521429,0.39796760,0.43149068,0.46569743,0.50050367,0.53582745,0.57158938,0.60771288,0.64412439,0.68075358,0.71753344,0.75440038,0.79129437,0.82815888,0.86494092,0.90159115,0.93806353,0.97431557,1.01030808,1.04600521,1.08137417,1.11638523,1.15101155,1.18522913,1.21901657,1.25235500,1.28522790,1.31762101,1.34952216,1.38092116,1.41180962,1.44218089,1.47202989,1.50135300,1.53014795,1.55841372,1.58615040,1.61335913,1.64004200,1.66620190,1.69184257,1.71696839,1.74158436,1.76569600,1.78930945,1.81243109,1.83506775,1.85722658,1.87891506,1.90014079
0.03448276,0.02786411,0.04018796,0.05466968,0.07125318,0.08987514,0.11046555,0.13294838,0.15724224,0.18326107,0.21091484,0.24011029,0.27075162,0.30274118,0.33598017,0.37036924,0.40580915,0.44220132,0.47944834,0.51745449,0.55612614,0.59537219,0.63510431,0.67523732,0.71568941,0.75638231,0.79724145,0.83819611,0.87917945,0.92012856,0.96098450,1.00169224,1.04220063,1.08246231,1.12243379,1.16207498,1.20134943,1.24022408,1.27866905,1.31665761,1.35416596,1.39117311,1.42766069,1.46361286,1.49901610,1.53385908,1.56813253,1.60182909,1.63494313,1.66747070,1.69940932,1.73075791,1.76151664,1.79168685,1.82127092,1.85027217,1.87869480,1.90654378,1.93382472,1.96054391,1.98670816,2.01232465,2.03740135,2.06194563,2.08596652,2.10947230
0.03793103,0.03065299,0.04421026,0.06014133,0.07838448,0.09887002,0.12152093,0.14625352,0.17297825,0.20160041,0.23202094,0.26413720,0.29784378,0.33303320,0.36959674,0.40742505,0.44640891,0.48643979,0.52741049,0.56921562,0.61175209,0.65491956,0.69862081,0.74276201,0.78725303,0.83200767,0.87694379,0.92198343,0.96705296,1.01208308,1.05700879,1.10176944,1.14630867,1.19057431,1.23451827,1.27809651,1.32126881,1.36399871,1.40625332,1.44800316,1.48922201,1.52988675,1.56997719,1.60947587,1.64836793,1.68664097,1.72428476,1.76129127,1.79765440,1.83336977,1.86843480,1.90284833,1.93661065,1.96972331,2.00218902,2.03401153,2.06519554,2.09574664,2.12567111,2.15497594,2.18366871,2.21175753,2.23925094,2.26615790,2.29248767,2.31824978
0.04137931,0.03344257,0.04823357,0.06561433,0.08551750,0.10786702,0.13257883,0.15956161,0.18871764,0.21994354,0.25313122,0.28816865,0.32494079,0.36333034,0.40321861,0.44448626,0.48701405,0.53068351,0.57537759,0.62098121,0.66738182,0.71446983,0.76213903,0.81028695,0.85881513,0.90762934,0.95663987,1.00576150,1.05491377,1.10402092,1.15301185,1.20182035,1.25038472,1.29864792,1.34655742,1.39406502,1.44112677,1.48770290,1.53375717,1.57925764,1.62417560,1.66848577,1.71216611,1.75519759,1.79756400,1.83925182,1.88024999,1.92054974,1.96014448,1.99902957,2.03720219,2.07466122,2.11140706,2.14744149,2.18276759,2.21738957,2.25131269,2.28454312,2.31708788,2.34895470,2.38015200,2.41068872,2.44057433,2.46981875,2.49843213,2.52642509
0.04482759,0.03623293,0.05225797,0.07108878,0.09265238,0.11686631,0.14363948,0.17287292,0.20446070,0.23829080,0.27424605,0.31220506,0.35204310,0.39363305,0.43684626,0.48155335,0.52762506,0.57493294,0.62335008,0.67275168,0.72301569,0.77402324,0.82565912,0.87781215,0.93037550,0.98324697,1.03632910,1.08952949,1.14276073,1.19594053,1.24899185,1.30184260,1.35442589,1.40667977,1.45854719,1.50997577,1.56091783,1.61133007,1.66117345,1.71041302,1.75901769,1.80696009,1.85421630,1.90076571,1.94659079,1.99167692,2.03601216,2.07958710,2.12239465,2.16442987,2.20568983,2.24617340,2.28588114,2.32481512,2.36297880,2.40037687,2.43701518,2.47290054,2.50804072,2.54244427,2.57612042,2.60907905,2.64133053,2.67288573,2.70375589,2.73395260
0.04827586,0.03902412,0.05628355,0.07656482,0.09978928,0.12586809,0.15470311,0.18618771,0.22020774,0.25664253,0.29536583,0.33624683,0.37915115,0.42394181,0.47048017,0.51862682,0.56824243,0.61918856,0.67132840,0.72452743,0.77865404,0.83358005,0.88918122,0.94533764,1.00193407,1.05886021,1.11601093,1.17328652,1.23059263,1.28784045,1.34494675,1.40183379,1.45842930,1.51466640,1.57048348,1.62582403,1.68063654,1.73487427,1.78849509,1.84146130,1.89373936,1.94529976,1.99611674,2.04616811,2.09543502,2.14390176,2.19155555,2.23838630,2.28438653,2.32955096,2.37387660,2.41736237,2.46000898,2.50181883,2.54279580,2.58294512,2.62227322,2.66078768,2.69849699,2.73541053,2.77153845,2.80689152,2.84148114,2.87531918,2.90841788,2.94078992
0.05172414,0.04181621,0.06031042,0.08204257,0.10692836,0.13487256,0.16576996,0.19950625,0.23595908,0.27499908,0.31649093,0.36029438,0.40626539,0.45425709,0.50412084,0.55570715,0.60886664,0.66345084,0.71931301,0.77630886,0.83429720,0.89314052,0.95270549,1.01286343,1.07349063,1.13446870,1.19568479,1.25703177,1.31840832,1.37971910,1.44087467,1.50179154,1.56239206,1.62260435,1.68236228,1.74160510,1.80027746,1.85832920,1.91571507,1.97239458,2.02833178,2.08349499,2.13785663,2.19139289,2.24408367,2.29591217,2.34686476,2.39693082,2.44610224,2.49437374,2.54174213,2.58820645,2.63376756,2.67842831,2.72219300,2.76506740,2.80705866,2.84817506,2.88842593,2.92782151,2.96637289,3.00409183,3.04099073,3.07708251,3.11238052,3.14689850
0.05517241,0.04460926,0.06433865,0.08752215,0.11406978,0.14387991,0.17684025,0.21282881,0.25171502,0.29336080,0.33762173,0.38434813,0.43338625,0.48457934,0.53776873,0.59279484,0.64949819,0.70772025,0.76730434,0.82809636,0.88994551,0.95270490,1.01623207,1.08038950,1.14504503,1.21007210,1.27535003,1.34076432,1.40620664,1.47157497,1.53677370,1.60171349,1.66631131,1.73049027,1.79417957,1.85731428,1.91983523,1.98168874,2.04282644,2.10320509,2.16278625,2.22153611,2.27942528,2.33642838,2.39252400,2.44769431,2.50192488,2.55520444,2.60752463,2.65887982,2.70926684,2.75868482,2.80713502,2.85462054,2.90114622,2.94671843,2.99134512,3.03503528,3.07779913,3.11964786,3.16059347,3.20064882,3.23982735,3.27814308,3.31561047,3.35224447
0.05862069,0.04740335,0.06836835,0.09300368,0.12121369,0.15289033,0.18791421,0.22615567,0.26747587,0.31172804,0.35875861,0.40840849,0.46051418,0.51490904,0.57142433,0.62989038,0.69013756,0.75199727,0.81530285,0.87989035,0.94559932,1.01227345,1.07976109,1.14791591,1.21659713,1.28567004,1.35500613,1.42448337,1.49398640,1.56340655,1.63264190,1.70159726,1.77018420,1.83832068,1.90593134,1.97294697,2.03930452,2.10494682,2.16982237,2.23388514,2.29709422,2.35941371,2.42081234,2.48126322,2.54074367,2.59923483,2.65672149,2.71319192,2.76863716,2.82305165,2.87643217,2.92877802,2.98009074,3.03037389,3.07963293,3.12787494,3.17510844,3.22134343,3.26659099,3.31086329,3.35417342,3.39653526,3.43796336,3.47847295,3.51807959,3.55679935
0.06206897,0.05019852,0.07239960,0.09848729,0.12836025,0.16190401,0.19899208,0.23948708,0.28324194,0.33010113,0.37990196,0.43247587,0.48764963,0.54524665,0.60508814,0.66699426,0.73078524,0.79628238,0.86330897,0.93169121,1.00125894,1.07184638,1.14329271,1.21544261,1.28814680,1.36126219,1.43465245,1.50818806,1.58174645,1.65521231,1.72847735,1.80144053,1.87400782,1.94609224,2.01761364,2.08849857,2.15868007,2.22809745,2.29669611,2.36442718,2.43124734,2.49711852,2.56200768,2.62588641,2.68873071,2.75052083,2.81124078,2.87087824,2.92942419,2.98687271,3.04322073,3.09846778,3.15261577,3.20566879,3.25763288,3.30851594,3.35832717,3.40707766,3.45477930,3.50144543,3.54709018,3.59172867,3.63537634,3.67804991,3.71976623,3.76054228
0.06551724,0.05299486,0.07643249,0.10397310,0.13550962,0.17092115,0.21007409,0.25282334,0.29901353,0.34848042,0.40105216,0.45655069,0.51479303,0.57559263,0.63876061,0.70410696,0.77144172,0.84057603,0.91132315,0.98349935,1.05692472,1.13142398,1.20682704,1.28296965,1.35969379,1.43684818,1.51428840,1.59187746,1.66948561,1.74699071,1.82427815,1.90124090,1.97777942,2.05380159,2.12922255,2.20396454,2.27795669,2.35113479,2.42344107,2.49482386,2.56523744,2.63464161,2.70300151,2.77028726,2.83647368,2.90154004,2.96546967,3.02824978,3.08987109,3.15032765,3.20961652,3.26773746,3.32469295,3.38048761,3.43512813,3.48862318,3.54098306,3.59221959,3.64234594,3.69137644,3.73932625,3.78621202,3.83205034,3.87685899,3.92065615,3.96346037
0.06896552,0.05579242,0.08046712,0.10946123,0.14266195,0.17994194,0.22116047,0.26616469,0.31479096,0.36686627,0.42220960,0.48063337,0.54194484,0.60594746,0.67244224,0.74122897,0.81210748,0.88487871,0.95934584,1.03531515,1.11259699,1.19100648,1.27036425,1.35049698,1.43123800,1.51242761,1.59391342,1.67555077,1.75720272,1.83874026,1.92004239,2.00099606,2.08149616,2.16144540,2.24075418,2.31934041,2.39712928,2.47405303,2.55005075,2.62506801,2.69905661,2.77197430,2.84378444,2.91445568,2.98396172,3.05228089,3.11939591,3.18529357,3.24996444,3.31340257,3.37560515,3.43657257,3.49630754,3.55481543,3.61210379,3.66818200,3.72306176,3.77675555,3.82927781,3.88064404,3.93087086,3.97997577,4.02797708,4.07489378,4.12074538,4.16555184
0.07241379,0.05859126,0.08450359,0.11495180,0.14981741,0.18896658,0.23225146,0.27951142,0.33057454,0.38525902,0.44337465,0.50472432,0.56910549,0.63631161,0.70613352,0.77836079,0.85278300,0.92919089,1.00737746,1.08713902,1.16827608,1.25059413,1.33390444,1.41802464,1.50277923,1.58800011,1.67352689,1.75920711,1.84489659,1.93045944,2.01576817,2.10070369,2.18515525,2.26902039,2.35220471,2.43462177,2.51619281,2.59684655,2.67651890,2.75515266,2.83269723,2.90910829,2.98434752,3.05838209,3.13118463,3.20273264,3.27300826,3.34199797,3.40969224,3.47608522,3.54117443,3.60496065,3.66744728,3.72864046,3.78854860,3.84718223,3.90455368,3.96067709,4.01556793,4.06924309,4.12172052,4.17301900,4.22315829,4.27215889,4.32004173,4.36682824
0.07586207,0.06139146,0.08854197,0.12044495,0.15697614,0.19799526,0.24334727,0.29286380,0.34636458,0.40365901,0.46454769,0.52882396,0.59627543,0.66668553,0.73983491,0.81550291,0.89346879,0.97351303,1.05541847,1.13897135,1.22396230,1.31018716,1.39744776,1.48555258,1.57431733,1.66356536,1.75312818,1.84284560,1.93256606,2.02214673,2.11145359,2.20036147,2.28875395,2.37652330,2.46357037,2.54980432,2.63514242,2.71950987,2.80283942,2.88507113,2.96615208,3.04603575,3.12468239,3.20205753,3.27813304,3.35288553,3.42629669,3.49835276,3.56904423,3.63836542,3.70631434,3.77289224,3.83810336,3.90195470,3.96445566,4.02561790,4.08545504,4.14398241,4.20121693,4.25717684,4.31188155,4.36535149,4.41760790,4.46867274,4.51856855,4.56731828
0.07931034,0.06419308,0.09258238,0.12594079,0.16413832,0.20702818,0.25444816,0.30622209,0.36216138,0.42206661,0.48572912,0.55293270,0.62345510,0.69706969,0.77354692,0.85265581,0.93416531,1.01784560,1.10346929,1.19081253,1.27965600,1.36978581,1.46099432,1.55308079,1.64585210,1.73912297,1.83271673,1.92646539,2.02020997,2.11380063,2.20709679,2.29996719,2.39228951,2.48395096,2.57484747,2.66488382,2.75397334,2.84203768,2.92900646,3.01481702,3.09941406,3.18274926,3.26478099,3.34547388,3.42479852,3.50273096,3.57925255,3.65434940,3.72801219,3.80023539,3.87101780,3.94036121,4.00827086,4.07475482,4.13982350,4.20348999,4.26576922,4.32667801,4.38623476,4.44445929,4.50137280,4.55699717,4.61135540,4.66447121,4.71636875,4.76707270
0.08275862,0.06699619,0.09662489,0.13143945,0.17130409,0.21606552,0.26555434,0.31958657,0.37796526,0.44048214,0.50691932,0.57705096,0.65064496,0.72746457,0.80727002,0.88981999,0.97487306,1.06218908,1.15153038,1.24266296,1.33535749,1.42939032,1.52454427,1.62060933,1.71738335,1.81467255,1.91229191,2.01006560,2.10782715,2.20541966,2.30269592,2.39951841,2.49575927,2.59130021,2.68603239,2.77985618,2.87268097,2.96442488,3.05501446,3.14438432,3.23247688,3.31924206,3.40463654,3.48862391,3.57117373,3.65226169,3.73186888,3.80998139,3.88659012,3.96169027,4.03528111,4.10736552,4.17794972,4.24704296,4.31465730,4.38080689,4.44550848,4.50878055,4.57064322,4.63111816,4.69022821,4.74799724,4.80445033,4.85961286,4.91351106,4.96617164
0.08620690,0.06980085,0.10066961,0.13694105,0.17847362,0.22510749,0.27666606,0.33295752,0.39377654,0.45890598,0.52811868,0.60117916,0.67784543,0.75787063,0.84100469,0.92699592,1.01559252,1.10654392,1.19960215,1.29452299,1.39106709,1.48900092,1.58809771,1.68813808,1.78891093,1.89021371,1.99185313,2.09364536,2.19541644,2.29700232,2.39824912,2.49901308,2.59916057,2.69856798,2.79712161,2.89471743,2.99126089,3.08666662,3.18085812,3.27376746,3.36533470,3.45550801,3.54424274,3.63150131,3.71725273,3.80147221,3.88414073,3.96524465,4.04477534,4.12272886,4.19910496,4.27390815,4.34714576,4.41882855,4.48897008,4.55758651,4.62469625,4.69031969,4.75447906,4.81719806,4.87850168,4.93841605,4.99696824,5.05418601,5.11009773,5.16473231
0.08965517,0.07260712,0.10471662,0.14244572,0.18564706,0.23415429,0.28778355,0.34633520,0.40959551,0.47733846,0.54932757,0.62531772,0.70505698,0.78828834,0.87475141,0.96418411,1.05632417,1.15091061,1.24768506,1.34639305,1.44678513,1.54861783,1.65165475,1.75566713,1.86043464,1.96574611,2.07139977,2.17720384,2.28297668,2.38854715,2.49375458,2.59844896,2.70249084,2.80575128,2.90811172,3.00946375,3.10970889,3.20875834,3.30653259,3.40296108,3.49798212,3.59154184,3.68359440,3.77410131,3.86303105,3.95035882,4.03606552,4.12013804,4.20256845,4.28335368,4.36249510,4.43999821,4.51587209,4.59012937,4.66278566,4.73385886,4.80337000,4.87134149,4.93779815,5.00276610,5.06627296,5.12834715,5.18901893,5.24831837,5.30627664,5.36292545
0.09310345,0.07541507,0.10876602,0.14795358,0.19282458,0.24320610,0.29890704,0.35971990,0.42542250,0.49577993,0.57054638,0.64946706,0.73228005,0.81871816,0.90851067,1.00138504,1.09706851,1.19528959,1.29577953,1.39827351,1.50251192,1.60824132,1.71521553,1.82319633,1.93195429,2.04126932,2.15093123,2.26074013,2.37050675,2.48005267,2.58921050,2.69782388,2.80574755,2.91284719,3.01899945,3.12409150,3.22802100,3.33069580,3.43203342,3.53196100,3.63041473,3.72733907,3.82268739,3.91642045,4.00850635,4.09892022,4.18764354,4.27466390,4.35997437,4.44357328,4.52546353,4.60565234,4.68415104,4.76097430,4.83614011,4.90966926,4.98158514,5.05191332,5.12068139,5.18791861,5.25365578,5.31792479,5.38075891,5.44219181,5.50225840,5.56099369
0.09655172,0.07822478,0.11281790,0.15346476,0.20000633,0.25226312,0.31003677,0.37311188,0.44125782,0.51423075,0.59177551,0.67362759,0.75951508,0.84916057,0.94228295,1.03859920,1.13782600,1.23968136,1.34388600,1.45016476,1.55824775,1.66787156,1.77878014,1.89072575,2.00346969,2.11678299,2.23044690,2.34425340,2.45800548,2.57151746,2.68461513,2.79713575,2.90892824,3.01985297,3.12978166,3.23859724,3.34619355,3.45247506,3.55735665,3.66076301,3.76262849,3.86289653,3.96151928,4.05845709,4.15367814,4.24715788,4.33887858,4.42882890,4.51700340,4.60340209,4.68802999,4.77089672,4.85201593,4.93140563,5.00908614,5.08508249,5.15942069,5.23213025,5.30324256,5.37279096,5.44081042,5.50733709,5.57240876,5.63606375,5.69834243,5.75928415
0.10000000,0.08103629,0.11687237,0.15897938,0.20719248,0.26132556,0.32117298,0.38651141,0.45710178,0.53269127,0.61301534,0.69779973,0.78676253,0.87961604,0.97606874,1.07582707,1.17859714,1.28408635,1.39200490,1.50206717,1.61399299,1.72750881,1.84234872,1.95825533,2.07498065,2.19228672,2.30994618,2.42774279,2.54547177,2.66294010,2.77996669,2.89638250,3.01203055,3.12676589,3.24045541,3.35297780,3.46422316,3.57409282,3.68249890,3.78936411,3.89462109,3.99821220,4.10008900,4.20021174,4.29854889,4.39507667,4.48977858,4.58264486,4.67367207,4.76286260,4.85022408,4.93576926,5.01951526,5.10148335,5.18169841,5.26018904,5.33698636,5.41212452,5.48564019,5.55757202,5.62796075,5.69684906,5.76428061,5.83030149,5.89495847,5.95829990
0.10000000,0.08103629,0.11687237,0.15897938,0.20719248,0.26132556,0.32117298,0.38651141,0.45710178,0.53269127,0.61301534,0.69779973,0.78676253,0.87961604,0.97606874,1.07582707,1.17859714,1.28408635,1.39200490,1.50206717,1.61399299,1.72750881,1.84234872,1.95825533,2.07498065,2.19228672,2.30994618,2.42774279,2.54547177,2.66294010,2.77996669,2.89638250,3.01203055,3.12676589,3.24045541,3.35297780,3.46422316,3.57409282,3.68249890,3.78936411,3.89462109,3.99821220,4.10008900,4.20021174,4.29854889,4.39507667,4.48977858,4.58264486,4.67367207,4.76286260,4.85022408,4.93576926,5.01951526,5.10148335,5.18169841,5.26018904,5.33698636,5.41212452,5.48564019,5.55757202,5.62796075,5.69684906,5.76428061,5.83030149,5.89495847,5.95829990
0.11034483,0.08948240,0.12905217,0.17554517,0.22877890,0.28854733,0.35462281,0.42675814,0.50468867,0.58813455,0.67680289,0.77039006,0.86858380,0.97106546,1.07751197,1.18759788,1.30099724,1.41738536,1.53644044,1.65784516,1.78128803,1.90646469,2.03307914,2.16084461,2.28948487,2.41873436,2.54833957,2.67805923,2.80766487,2.93694126,3.06568650,3.19371267,3.32084500,3.44692295,3.57179938,3.69534079,3.81742696,3.93795068,4.05681740,4.17394505,4.28926339,4.40271369,4.51424821,4.62382979,4.73143121,4.83703489,4.94063202,5.04222265,5.14181464,5.23942352,5.33507198,5.42878952,5.52061213,5.61058194,5.69874715,5.78516171,5.86988555,5.95298439,6.03453035,6.11460174,6.19328446,6.27067236,6.34686885,6.42198863,6.49616030,6.56952989
0.12068966,0.09794725,0.14125857,0.19214650,0.25041068,0.31582494,0.38813944,0.46708284,0.55236469,0.64367782,0.74070073,0.84310006,0.95053292,1.06264928,1.17909414,1.29950970,1.42353748,1.55082010,1.68100324,1.81373717,1.94867845,2.08549125,2.22384870,2.36343408,2.50394185,2.64507857,2.78656382,2.92813083,3.06952709,3.21051491,3.35087171,3.49039047,3.62887980,3.76616409,3.90208355,4.03649431,4.16926782,4.30029135,4.42946722,4.55671262,4.68195955,4.80515413,4.92625641,5.04524003,5.16209179,5.27681148,5.38941157,5.49991707,5.60836560,5.71480747,5.81930613,5.92193886,6.02279789,6.12199188,6.21964910,6.31591968,6.41098237,6.50505126,6.59838757,6.69131762,6.78426146,6.87778107,6.97266704,7.07010912,7.17207664,7.28233380
0.13103448,0.10643265,0.15349417,0.20878683,0.27209221,0.34316381,0.42172932,0.50749304,0.60013842,0.69933069,0.80471941,0.91594116,1.03262204,1.15438022,1.28082831,1.41157571,1.54623077,1.68440298,1.82570466,1.96975315,2.11617228,2.26459398,2.41465982,2.56602229,2.71834601,2.87130895,3.02460329,3.17793640,3.33103163,3.48362892,3.63548550,3.78637633,3.93609445,4.08445136,4.23127726,4.37642118,4.51975114,4.66115418,4.80053642,4.93782317,5.07295892,5.20590752,5.33665260,5.46519769,5.59156728,5.71580772,5.83798906,5.95820738,6.07658843,6.19329322,6.30852558,6.42254472,6.53568371,6.64837969,6.76122471,6.87505710,6.99113963,7.11155261,7.24023318,7.38676163,7.60079533,7.53640310,7.61716806,7.69551671,7.76261763,7.80246225
0.14137931,0.11494043,0.16576157,0.22546961,0.29382791,0.37056937,0.45539895,0.54799631,0.64801850,0.75510282,0.86886955,0.98892483,1.11486333,1.24627100,1.38272756,1.52380903,1.66909003,1.81814621,1.97055598,2.12590288,2.28377728,2.44377814,2.60551465,2.76860783,2.93269186,3.09741551,3.26244331,3.42745673,3.59215518,3.75625706,3.91950063,4.08164474,4.24246976,4.40177814,4.55939514,4.71516966,4.86897469,5.02070837,5.17029447,5.31768516,5.46285991,5.60582999,5.74664062,5.88537550,6.02216268,6.15718423,6.29069094,6.42302334,6.55464845,6.68622123,6.81869694,6.95355633,7.09331845,7.24297142,7.41576610,7.73570785,7.61330393,7.72419616,7.83771836,7.94796973,8.04688661,8.13434263,8.21815484,8.30230374,8.37700883,8.42235677
0.15172414,0.12347247,0.17806339,0.24219838,0.31562226,0.39804711,0.48915489,0.58860028,0.69601363,0.81100393,0.93316183,1.06206260,1.19726910,1.33833442,1.48480495,1.63622275,1.79212810,1.95206199,2.11556827,2.28219591,2.45150099,2.62304870,2.79641516,2.97118918,3.14697401,3.32338893,3.50007078,3.67667554,3.85287968,4.02838168,4.20290341,4.37619150,4.54801882,4.71818605,4.88652338,5.05289213,5.21718756,5.37934168,5.53932658,5.69716039,5.85291359,6.00672063,6.15879497,6.30945464,6.45916193,6.60859408,6.75876803,6.91130595,7.06903166,7.23770382,7.43347529,7.94419937,7.70170163,7.83396151,7.96176759,8.08335269,8.19988511,8.31822860,8.44152826,8.56153487,8.66670207,8.75680876,8.84346266,8.93394854,9.01738149,9.06914713
0.16206897,0.13203062,0.19040229,0.25897665,0.33747978,0.42560259,0.52300375,0.62931265,0.74413256,0.86704382,0.99760700,1.13536608,1.27985151,1.43058324,1.58707357,1.74882997,1.91535769,2.08616238,2.26075247,2.43864158,2.61935070,2.80241044,2.98736312,3.17376485,3.36118757,3.54922109,3.73747507,3.92558112,4.11319483,4.29999795,4.48570076,4.67004452,4.85280429,5.03379227,5.21286177,5.38991225,5.56489617,5.73782787,5.90879717,6.07798907,6.24571454,6.41246193,6.57898611,6.74647882,6.91692591,7.09399424,7.28586199,7.52109811,7.59951833,7.77865006,7.95641524,8.12211376,8.27273896,8.41415998,8.55035294,8.67919345,8.80213518,8.92845437,9.06255071,9.19329860,9.30496228,9.39724987,9.48639724,9.58373629,9.67711533,9.73631137
0.17241379,0.14061679,0.20278097,0.27580804,0.35940502,0.45324141,0.55695222,0.67014119,0.79238415,0.92323235,1.06221587,1.20884690,1.36262304,1.52303032,1.68954651,1.86164371,2.03879148,2.22045929,2.40611933,2.59524903,2.78733344,2.98186788,3.17836026,3.37633358,3.57532848,3.77490578,3.97464922,4.17416843,4.37310174,4.57112001,4.76793033,4.96328079,5.15696613,5.34883502,5.53879948,5.72684896,5.91306896,6.09767158,6.28104357,6.46382951,6.64708543,6.83259622,7.02362926,7.22719022,7.46469211,7.56463686,7.74018572,7.92092180,8.11133390,8.31130892,8.51032207,8.69359784,8.85686788,9.00823192,9.15348084,9.29000401,9.41961294,9.55447974,9.70047643,9.84299647,9.96128075,10.05499351,10.14599493,10.25056304,10.35512706,10.42283196
0.18275862,0.14923289,0.21520215,0.29269615,0.38140260,0.48096923,0.59100703,0.71109375,0.84077732,0.97957950,1.12699936,1.28251681,1.44559598,1.61568854,1.79223684,1.97467705,2.16244209,2.35496453,2.55167943,2.75202714,2.95545604,3.16142542,3.36940833,3.57889460,3.78939399,4.00043966,4.21159182,4.42244221,4.63261847,4.84179033,5.04967646,5.25605348,5.46076793,5.66375286,5.86505230,6.06485862,6.26357412,6.46191914,6.66113935,6.86345261,7.07319364,7.30071600,7.58896986,7.66694269,7.85147113,8.03626503,8.22440358,8.42048649,8.63028214,8.85355934,9.07641430,9.27929469,9.45646519,9.61860867,9.77355806,9.91805920,10.05436248,10.19813218,10.35702391,10.51229231,10.63719258,10.73134299,10.82333545,10.93541353,11.05243765,11.12979596
0.19310345,0.15788088,0.22766858,0.30964467,0.40347720,0.50879178,0.62517505,0.75217827,0.88932109,1.03609528,1.19196844,1.35638760,1.52878284,1.70857077,1.89515765,2.08794292,2.28632200,2.48968972,2.69744314,2.90898459,3.12372509,3.34108735,3.56050933,3.78144797,4.00338345,4.22582357,4.44830933,4.67042150,4.89178790,5.11209395,5.33109548,5.54863701,5.76467810,5.97933375,6.19294052,6.40617246,6.62026430,6.83749553,7.06244737,7.30638539,7.61971106,7.72355995,7.92467225,8.12147073,8.31616483,8.51237426,8.71406349,8.92700992,9.15845857,9.40800983,9.65774141,9.88244953,10.07467869,10.24818014,10.41320275,10.56572326,10.70850549,10.86135342,11.03406492,11.20304703,11.33450513,11.42798525,11.52000017,11.63986392,11.77070887,11.85894981
0.20344828,0.16656272,0.24018306,0.32665731,0.42563354,0.53671486,0.65946313,0.79340273,0.93802455,1.09278986,1.25713419,1.43047118,1.61219618,1.80168996,1.99832206,2.20145421,2.41044364,2.62464640,2.84342053,3.06612982,3.29214703,3.52085796,3.75166566,3.98399532,4.21729928,4.45106454,4.68481985,4.91814623,5.15069005,5.38218098,5.61245762,5.84150616,6.06952222,6.29701759,6.52502037,6.75549791,6.99240724,7.24510237,7.54813873,7.73043993,7.94784304,8.16262882,8.37361873,8.58053986,8.78599627,8.99446886,9.21086153,9.44231455,9.69782976,9.97683437,10.25668674,10.50552820,10.71387939,10.89912961,11.07442296,11.23486841,11.38381268,11.54587450,11.73336961,11.91709327,12.05505396,12.14669069,12.23770723,12.36566954,12.51180838,12.61225790
0.21379310,0.17528042,0.25274842,0.34373785,0.44787642,0.56474436,0.69387830,0.83477528,0.98689692,1.14967344,1.32250778,1.50477947,1.69584852,1.89505910,2.10174314,2.31522386,2.53481929,2.75984578,2.98962166,3.22347107,3.46072817,3.70074174,3.94288062,4.18653979,4.43114828,4.67617837,4.92115802,5.16568724,5.40946112,5.65230355,5.89421976,6.13548371,6.37679585,6.61959897,6.86680643,7.12488593,7.41275225,8.11475468,7.92706867,8.15673063,8.38251154,8.60676824,8.82806852,9.04567962,9.26252315,9.48402115,9.71616742,9.96771057,10.24972769,10.56147670,10.87484584,11.15023363,11.37579664,11.57317050,11.75891783,11.92718227,12.08196473,12.25341020,12.45674482,12.65633166,12.80075679,12.88931650,12.97826337,13.11467695,13.27769862,13.39178212
0.22413793,0.18403602,0.26536754,0.36089012,0.47021071,0.59288623,0.72842763,0.87630411,1.03594748,1.20675638,1.38810047,1.57932457,1.77975254,1.98869117,2.20543396,2.42926466,2.65946114,2.89529913,3.13605624,3.38101638,3.62947476,3.88074350,4.13415857,4.38908818,4.64494368,4.90119360,5.15738302,5.41316142,5.66832408,5.92287914,6.17716060,6.43204361,6.68939630,6.95320993,7.23330281,7.56753883,7.83380103,8.09960707,8.34973440,8.58821010,8.82294229,9.05736200,9.28958724,9.51834498,9.74697616,9.98205437,10.23087980,10.50407502,10.81511208,11.16306519,11.51354658,11.81805419,12.06201527,12.27194910,12.46838330,12.64438775,12.80469421,12.98573277,13.20605696,13.42272214,13.57358624,13.65776637,13.74351276,13.88876382,14.07037054,14.19961233
0.23448276,0.19283156,0.27804335,0.37811800,0.49264134,0.62114651,0.76311829,0.91799754,1.08518567,1.26404912,1.45392365,1.65411860,1.86392094,2.08259926,2.30940761,2.54358938,2.78438126,3.03101737,3.28273380,3.53877368,3.79839319,4.06086877,4.32550586,4.59165120,4.85870782,5.12615705,5.39359003,5.66075607,5.92764116,6.19460622,6.46265404,6.73401733,7.01372477,7.31537722,7.71474361,7.94451880,8.23637936,8.51633835,8.77792070,9.02600754,9.27051903,9.51578869,9.75938146,9.99951924,10.24015289,10.48926240,10.75567964,11.05216289,11.39489712,11.78274180,12.17417143,12.51055519,12.77420449,12.99719526,13.20459408,13.38827820,13.55379265,13.74466156,13.98321045,14.21825645,14.37554114,14.45396382,14.53531307,14.68981663,14.89182129,15.03784364
0.24482759,0.20166917,0.29077881,0.39542544,0.51517332,0.64953133,0.79795757,0.95986398,1.13462102,1.32156223,1.51998879,1.72917381,1.94836653,2.17679642,2.41367715,2.65821070,2.90959158,3.16701132,3.42966365,3.69675079,3.96749000,4.24112381,4.51693151,4.79424579,5.07247599,5.35114224,5.62992821,5.90876874,6.18800535,6.46869350,6.75329696,7.04761728,7.36854837,7.87456001,8.03041297,8.33768056,8.64515707,8.93999188,9.21376789,9.47200220,9.72668221,9.98309806,10.23823750,10.48984421,10.74264134,11.00624749,11.29123751,11.61276662,11.99006160,12.42173045,12.85819501,13.22939435,13.51411555,13.75070496,13.96937542,14.16068459,14.33107824,14.53203343,14.79012075,15.04493361,15.20862560,15.27983645,15.35552519,15.51972459,15.74405060,15.90857377
0.25517241,0.21055096,0.30357694,0.41281647,0.53781174,0.67804691,0.83295285,1.00191199,1.18426316,1.37930638,1.58630749,1.80450252,2.03310218,2.27129577,2.51825565,2.77314126,3.03510389,3.30329158,3.57685515,3.85495537,4.13677219,4.42151678,4.70844833,4.99689763,5.28630228,5.57626196,5.86662962,6.15767666,6.45041972,6.74737065,7.05465804,7.39089640,8.05271002,8.09952056,8.41517945,8.73734396,9.06182079,9.37280210,9.65938475,9.92780418,10.19252153,10.46003385,10.72674149,10.98986935,11.25501574,11.53364255,11.83827336,12.18673237,12.60163671,13.08130548,13.56714032,13.97627316,14.28353489,14.53429871,14.76456802,14.96344733,15.13837528,15.34968968,15.62870684,15.90475560,16.07484616,16.13731360,16.20601110,16.38037745,16.62905843,16.81390046
0.26551724,0.21947913,0.31644083,0.43029516,0.56056178,0.70669959,0.86811164,1.04415021,1.23412188,1.43729240,1.65289146,1.88011723,2.11814079,2.36611047,2.62315609,2.88839356,3.16092982,3.43986856,3.72431715,4.01339539,4.30624740,4.60205779,4.90007465,5.19964458,5.50026770,5.80168790,6.10405793,6.40826523,6.71667743,7.03524427,7.38220345,8.01067821,8.14543726,8.47582448,8.80540729,9.14429650,9.48775025,9.81623905,10.11602595,10.39436143,10.66874314,10.94718133,11.22545298,11.50017585,11.77789813,12.07212550,12.39754358,12.77493379,13.23067367,13.76275588,14.30254158,14.75290213,15.08425626,15.34980287,15.59201711,15.79841024,15.97751041,16.19947297,16.50088838,16.79972466,16.97620942,17.02832463,17.08863276,17.27366493,17.54884470,17.75592150
0.27586207,0.22845589,0.32937361,0.44786567,0.58342872,0.73549580,0.90344155,1.08658745,1.28420711,1.49553124,1.71975255,1.95603042,2.20349545,2.46125370,2.72839151,3.00398005,3.28708089,3.57675253,3.87205859,4.17207890,4.47592458,4.78276012,5.09183636,5.40254253,5.71449308,6.02768306,6.34279484,6.66188920,6.99030882,7.34418328,7.85482172,8.15282430,8.51105503,8.85664310,9.20197796,9.55966793,9.92396002,10.27109931,10.58431969,10.87221988,11.15587966,11.44509820,11.73496553,12.02138985,12.31194658,12.62239803,12.96981893,13.37825325,13.87822969,14.46737559,15.06593754,15.56099580,15.91807649,16.19904576,16.45356892,16.66741754,16.85031042,17.08322602,17.40858502,17.73184304,17.91472199,17.95479892,18.00525214,18.20147677,18.50540937,18.73673465
0.28620690,0.23748350,0.34237846,0.46553224,0.60641791,0.76444207,0.93895030,1.12923263,1.33452889,1.55403397,1.78690272,2.03225476,2.28917917,2.55673866,2.83397486,3.11991307,3.41356842,3.71395350,4.02008853,4.33101437,4.64581399,4.96364145,5.28377019,5.60567216,5.92915898,6.25465577,6.58380593,6.92107430,7.27961000,7.73255409,8.11277180,8.50413146,8.88127966,9.24378572,9.60658886,9.98471629,10.37127391,10.73794767,11.06474352,11.36186982,11.65447118,11.95437545,12.25590718,12.55416300,12.85783490,13.18517068,13.55587504,13.99757588,14.54536360,15.19645941,15.85886734,16.40226885,16.78679249,17.08385570,17.35106968,17.57231347,17.75860208,18.00279153,18.35371642,18.70311300,18.89239049,18.91866583,18.95773120,19.16570272,19.50075236,19.75843769
0.29655172,0.24656426,0.35545865,0.48329919,0.62953479,0.79354507,0.97464580,1.17209482,1.38509743,1.61281182,1.85435409,2.10880308,2.37520510,2.65257860,2.93991909,3.23620484,3.54040360,3.85148155,4.16841555,4.49021108,4.81592834,5.14472561,5.47592815,5.80915173,6.14453797,6.48325862,6.82879348,7.19120919,7.61421225,8.03082213,8.44670272,8.86074949,9.25857598,9.63946350,10.02085215,10.42048033,10.83038385,11.21734436,11.55784174,11.86387870,12.16511589,12.47563964,12.78892531,13.09915688,13.41624182,13.76115631,14.15648860,14.63378727,15.23313436,15.95130217,16.68287015,17.27843596,17.69220115,18.00606102,18.28636561,18.51494222,18.70421218,18.96001221,19.33820226,19.71553678,19.91122153,19.92185473,19.94793192,20.16823251,20.53687363,20.82312837
0.30689655,0.25570053,0.36861750,0.50117092,0.65278499,0.82281157,1.01053605,1.21518323,1.43592309,1.67187619,1.92211888,2.18568819,2.46158656,2.74878679,3.04623709,3.35286751,3.66759743,3.98934635,4.31704916,4.64967887,4.98628353,5.32604515,5.66838404,6.01315449,6.36104985,6.71458155,7.08106944,7.48739050,7.92090494,8.34626095,8.78623476,9.22487638,9.64498454,10.04521071,10.44578180,10.86765459,11.30187854,11.70988442,12.06423444,12.37887799,12.68845068,13.00953629,13.33467555,13.65703644,13.98784747,14.35106835,14.77243646,15.28777302,15.94260095,16.73319872,17.53948512,18.19121181,18.63609935,18.96749004,19.26130295,19.49714804,19.68896748,19.95673077,20.36396219,20.77111663,20.97322173,20.96629497,20.97771625,21.21095587,21.61577312,21.93290448
0.31724138,0.26489473,0.38185840,0.51915192,0.67617414,0.85224850,1.04662919,1.25850724,1.48701637,1.73123862,1.99020952,2.26292311,2.54833683,2.84537644,3.15294169,3.46991304,3.79516076,4.12755761,4.46599840,4.80942977,5.15689995,5.50764446,5.86124331,6.21793862,6.57936245,6.95057677,7.34832471,7.94451461,8.21808320,8.66647044,9.13258762,9.59781032,10.04154378,10.46173981,10.88189423,11.32672624,11.78631225,12.21619634,12.58458448,12.90752994,13.22512925,13.55671844,13.89381631,14.22846758,14.57333222,14.95562030,15.40449551,15.96041877,16.67482234,17.54344390,18.43025141,19.14231109,19.62028399,19.96997109,20.27772793,20.52077514,20.71469478,20.99478990,21.43291588,21.87185480,22.08039769,22.05391593,22.04894616,22.29576255,22.73945076,23.08986378
0.32758621,0.27414930,0.39518482,0.53724678,0.69970803,0.88186289,1.08293354,1.30207638,1.53838798,1.79091080,2.05863851,2.34052098,2.63546930,2.94236092,3.26004566,3.58735333,3.92310430,4.26612519,4.61527343,4.96947727,5.32780427,5.68958542,6.05465807,6.42389712,6.80058901,7.19516600,7.65750034,8.07224752,8.51834646,8.99170841,9.48624571,9.98000579,10.44858525,10.88931873,11.32949690,11.79810900,12.28421350,12.73688668,13.11952464,13.45045932,13.77576316,14.11779404,14.46695912,14.81406797,15.17332699,15.57547431,16.05338841,16.65255134,17.43079177,18.38325752,19.35662357,20.13335683,20.64645668,21.01523544,21.33738845,21.58756899,21.78312228,22.07593267,22.54687991,23.01964693,23.23464896,23.18654264,23.16338162,23.42443890,23.90979858,24.29599216
0.33793103,0.28346677,0.40860030,0.55546021,0.72339262,0.91166191,1.11945757,1.34590037,1.59004876,1.85090461,2.12741854,2.41849504,2.72299745,3.03975351,3.36756172,3.70520011,4.05143859,4.40505874,4.76488484,5.12983814,5.49903186,5.87195422,6.24885094,6.63164691,7.02672945,7.45810141,7.91051274,8.35357505,8.82181486,9.32214956,9.84731075,10.37147178,10.86609431,11.32798912,11.78873051,12.28204800,12.79591331,13.27233691,13.66944683,14.00804332,14.34071238,14.69311484,15.05445403,15.41418856,15.78818943,16.21100917,16.71953832,17.36467289,18.21113940,19.25344518,20.31958898,21.16546591,21.71579280,22.10447833,22.44148955,22.69872976,22.89543387,23.20135176,23.70710175,24.21579990,24.43728383,24.36542396,24.32221935,24.59820047,25.12811271,25.55265777
0.34827586,0.29284971,0.42210847,0.57379696,0.74723387,0.94165297,1.15620990,1.38998906,1.64200976,1.91123210,2.19656249,2.49685864,2.81093481,3.13756750,3.47550251,3.82346491,4.18017410,4.54436812,4.91484461,5.29053314,5.67063035,6.05487277,6.44415504,6.84220548,7.26183787,7.78255614,8.17470579,8.63685978,9.12849783,9.65755181,10.21524479,10.77148139,11.29328789,11.77698727,12.25886382,12.77782698,13.32069005,13.82180751,14.23358820,14.57949394,14.91916332,15.28184208,15.65543821,16.02794333,16.41700999,16.86128966,17.40197997,18.09578025,19.01481207,20.15289176,21.31796884,22.23740839,22.82702793,23.23640970,23.58871901,23.85292922,24.05028970,24.36968812,24.91218989,25.45889084,25.68686922,25.58913735,25.52404444,25.81561602,26.39292621,26.85836438
0.35862069,0.30230076,0.43571304,0.59226196,0.77123803,0.97184345,1.19319934,1.43435255,1.69428220,1.97190551,2.26608333,2.57562525,2.89929500,3.23581621,3.58388053,3.94215930,4.30932120,4.68406369,5.06516622,5.45158867,5.84266450,6.23851586,6.64108390,7.05737209,7.51623242,7.97803628,8.43835949,8.92024769,9.43628583,9.99532012,10.58693277,11.17651058,11.72637787,12.23235580,12.73577906,13.28111314,13.85395378,14.38048758,14.80701112,15.15981682,15.50606751,15.87884150,16.26467245,16.64998310,17.05430710,17.52063950,18.09473820,18.83943867,19.83468270,21.07355176,22.34276822,23.33948628,23.97009390,24.40077171,24.76868165,25.03971592,25.23724334,25.57037519,26.15123073,26.73764694,26.97208017,26.84662091,26.75801850,27.06570405,27.69280225,28.20128019
0.36896552,0.31182262,0.44941781,0.61086023,0.79541139,1.00224108,1.23043487,1.47900110,1.74687752,2.03293726,2.33599430,2.65480860,2.98809169,3.33451291,3.69270836,4.06129440,4.43889009,4.82415615,5.21586560,5.61303905,6.01522374,6.42313942,6.84046335,7.28071674,7.84063910,8.21746014,8.69465669,9.19646847,9.73714983,10.32641574,10.95222014,11.57536247,12.15333739,12.68144214,13.20622087,13.77788333,14.38078876,14.93271515,15.37365718,15.73281459,16.08509800,16.46753888,16.86526236,17.26307242,17.68242285,18.17075600,18.77849552,19.57474781,20.64744759,21.98892175,23.36417474,24.43944768,25.11147462,25.56342165,25.94679065,26.22433951,26.42159400,26.76832312,27.38794943,28.01456099,28.25524573,28.10113936,27.98820477,28.31204690,28.98975018,29.54204566
0.37931034,0.32141806,0.46322668,0.62959691,0.81976040,1.03285366,1.26792565,1.52394514,1.79980735,2.09433996,2.40630866,2.73442239,3.07733862,3.43367089,3.80199823,4.18088154,4.56889122,4.96465704,5.36696194,5.77492953,6.18843385,6.60912761,7.04370812,7.52096901,7.95893971,8.43483774,8.92783720,9.44839971,10.01221261,10.62980674,11.28765343,11.94222754,12.54642269,13.09502716,13.63955431,14.23570437,14.86667239,15.44222807,15.89635710,16.26102343,16.61851845,17.00964442,17.41818951,17.82741322,18.26058622,18.76936882,19.40860741,20.25334747,21.39909424,22.83745728,24.31285465,25.46222201,26.17313773,26.64487098,27.04253105,27.32591812,27.52259405,27.88188477,28.53792278,29.20231956,29.44867680,29.26721663,29.13101769,29.46993691,30.19536698,30.78903950
0.38965517,0.33108993,0.47714363,0.64847724,0.84429170,1.06368919,1.30568108,1.56919537,1.85308352,2.15612643,2.47704000,2.81448034,3.16704958,3.53330339,3.91176243,4.30093168,4.69933487,5.10557903,5.51847884,5.93732075,6.36247296,6.79707857,7.25348767,7.81498573,8.11855793,8.60571537,9.11146788,9.64717602,10.22961965,10.87000489,11.55363818,12.23349555,12.85872319,13.42368981,13.98395689,14.59970316,15.25318456,15.84765633,16.31221190,16.68106132,17.04250113,17.44040437,17.85747414,18.27571198,18.71985986,19.24499959,19.90956370,20.79341038,21.99818002,23.51489939,25.07129427,26.28053671,27.02277869,27.51034776,27.91939481,28.20732929,28.40335924,28.77265428,29.45802847,30.15288807,30.40370506,30.19995598,30.04478351,30.39579634,31.15979090,31.78692584
0.40000000,0.34084114,0.49117278,0.66750664,0.86901205,1.09475585,1.34371071,1.61476267,1.90671810,2.21830970,2.54820200,2.89499665,3.25723844,3.63342361,4.02201306,4.42145586,4.83023204,5.24693632,5.67044637,6.10029525,6.53760142,6.98797166,7.47575426,7.72793694,8.20776452,8.70129169,9.21429953,9.75861901,10.35163450,11.00494560,11.70320746,12.39740393,13.03454015,13.60874367,14.17788854,14.80471371,15.47094180,16.07611015,16.54651882,16.91765885,17.28125443,17.68293224,18.10477693,18.52807155,18.97839565,19.51278052,20.19170158,21.09775764,22.33608292,23.89737181,25.49984126,26.74312573,27.50314584,27.99966837,28.41513683,28.70560120,28.90120574,29.27614096,29.97816559,30.69032166,30.94363388,30.72715245,30.56113605,30.91899538,31.70491469,32.35108310
