# s_m, x_opt_m, y_opt_m, d_opt_m, x_left_m, y_left_m, d_left_m, x_right_m, y_right_m, d_right_m, v_opt_mps, v_left_mps, v_right_mps, kappa_opt_radpm, kappa_left_radpm, kappa_right_radpm, psi_opt_rad, psi_left_rad, psi_right_rad, ax_opt_mps2, ax_left_mps2, ax_right_mps2
0.000000,-0.546381,-0.609230,0.000000,-0.695769,-0.612662,0.148878,0.300798,-0.529879,-0.850787,4.829559,5.179769,5.954845,-0.271850,-0.270186,-0.193168,-1.462034,-1.477670,-1.468196,0.788489,-0.059853,-0.078549
0.099794,-0.536879,-0.708547,0.000000,-0.690217,-0.696113,0.151800,0.308519,-0.645856,-0.847691,4.845825,5.178802,5.953312,-0.260775,-0.267299,-0.191571,-1.488608,-1.508878,-1.496548,1.025530,-0.059830,-0.078531
0.199589,-0.529962,-0.808100,0.000000,-0.687302,-0.780402,0.155517,0.312514,-0.761261,-0.843777,4.866899,5.177828,5.951788,-0.249464,-0.263644,-0.189541,-1.514069,-1.539341,-1.524548,1.257637,-0.059808,-0.078526
0.299383,-0.525526,-0.907781,0.000000,-0.686949,-0.865457,0.159966,0.312995,-0.876016,-0.839111,4.892618,5.176845,5.950274,-0.237345,-0.259220,-0.187075,-1.538374,-1.568881,-1.552086,1.502895,-0.059785,-0.078492
0.399177,-0.523452,-1.007539,0.000000,-0.693619,-1.037461,0.170441,0.304208,-1.103350,-0.826725,4.923177,5.175225,5.947273,-0.224722,-0.248093,-0.180806,-1.561424,4.658686,4.677779,1.755054,0.151381,-0.078440
0.498972,-0.523615,-1.107376,0.000000,-0.700482,-1.124224,0.176643,0.295319,-1.215773,-0.820220,4.958625,5.177770,5.945785,-0.212399,-0.241398,-0.176988,4.699943,4.632872,4.652207,1.994201,0.351230,-0.078382
0.598766,-0.525895,-1.207100,0.000000,-0.709587,-1.211426,0.183448,0.283673,-1.327334,-0.813102,4.998598,5.183714,5.944306,-0.201302,-0.233953,-0.172698,4.679309,4.608529,4.627503,2.196575,0.561816,-0.078454
0.698560,-0.530179,-1.306812,0.000000,-0.720850,-1.299000,0.190818,0.269448,-1.437960,-0.805418,5.042261,5.193274,5.942834,-0.190200,-0.225759,-0.167936,4.659772,4.585503,4.603797,2.383183,0.783677,0.087814
0.798355,-0.536355,-1.406415,0.000000,-0.734185,-1.386924,0.198714,0.252822,-1.547601,-0.797208,5.089209,5.206677,5.944472,-0.178908,-0.216786,-0.162690,4.641349,4.563743,4.581210,2.578176,1.018649,0.326229
0.898149,-0.544306,-1.505878,0.000000,-0.749504,-1.475192,0.207105,0.233966,-1.656264,-0.788504,5.139516,5.224175,5.950522,-0.167509,-0.207090,-0.156997,4.624068,4.543225,4.559920,2.781444,1.266088,0.569570
0.997944,-0.553925,-1.605248,0.000000,-0.766703,-1.563706,0.215950,0.213058,-1.763879,-0.779344,5.193243,5.245982,5.961006,-0.156285,-0.196734,-0.150878,4.607906,4.523941,4.539931,2.985963,1.525629,0.818571
1.097738,-0.565086,-1.704391,0.000000,-0.785699,-1.652491,0.225228,0.190243,-1.870522,-0.769751,5.250308,5.272321,5.975963,-0.145685,-0.185783,-0.144344,4.592844,4.505872,4.521199,3.178676,1.797050,1.074657
1.197532,-0.577691,-1.803393,0.000000,-0.806395,-1.741512,0.234908,0.165687,-1.976151,-0.759763,5.310382,5.303380,5.995433,-0.135169,-0.174309,-0.137410,4.578829,4.489004,4.503711,3.378632,2.080470,1.339201
1.297327,-0.591631,-1.902218,0.000000,-0.828703,-1.830787,0.244961,0.139554,-2.080745,-0.749415,5.373500,5.339357,6.019466,-0.124811,-0.162374,-0.130079,4.565859,4.473332,4.487448,3.584762,2.376499,1.614358
1.397121,-0.606799,-2.000848,0.000000,-0.852529,-1.920344,0.255355,0.111994,-2.184345,-0.738744,5.439667,5.380447,6.048149,-0.114612,-0.150056,-0.122362,4.553913,4.458853,4.472392,3.798397,2.685505,1.902120
1.496915,-0.623096,-2.099315,0.000000,-0.877754,-2.010118,0.266051,0.083167,-2.286941,-0.727786,5.508910,5.426790,6.081571,-0.104480,-0.137428,-0.114264,4.542980,4.445557,4.458537,4.024472,3.008530,2.205021
1.596710,-0.640418,-2.197604,0.000000,-0.904290,-2.100132,0.277024,0.053195,-2.388618,-0.716559,5.581338,5.478569,6.119885,-0.093768,-0.124562,-0.105789,4.533086,4.433437,4.445875,4.289863,3.346706,2.525904
1.696504,-0.658658,-2.295718,0.000000,-0.932034,-2.190381,0.288252,0.022217,-2.489389,-0.705082,5.657521,5.535945,6.163244,-0.083076,-0.111565,-0.096943,4.524262,4.422488,4.434398,4.574643,3.700108,2.868035
1.796298,-0.677713,-2.393689,0.000000,-0.960886,-2.280857,0.299720,-0.009644,-2.589301,-0.693366,5.737647,5.599058,6.211853,-0.072841,-0.098487,-0.087721,4.516494,4.412701,4.424104,4.863200,4.071223,3.235552
1.896093,-0.697481,-2.491527,0.000000,-0.990759,-2.371590,0.311417,-0.042271,-2.688403,-0.681429,5.821617,5.668091,6.265961,-0.063197,-0.085380,-0.078127,4.509704,4.404079,4.414987,5.151082,4.462691,3.632811
1.995887,-0.717855,-2.589182,0.000000,-1.021558,-2.462604,0.323327,-0.075530,-2.786689,-0.669296,5.909258,5.743243,6.325833,-0.053568,-0.072286,-0.068146,4.503880,4.396616,4.407041,5.465171,4.877772,4.066046
2.095681,-0.738770,-2.686817,0.000000,-1.053193,-2.553949,0.335430,-0.109294,-2.884183,-0.656994,6.000843,5.824765,6.391807,-0.044030,-0.059249,-0.057786,4.499008,4.390309,4.400264,5.805344,5.320129,-3.033379
2.195476,-0.760099,-2.784294,0.000000,-1.085564,-2.645656,0.347700,-0.143444,-2.980933,-0.644547,6.096621,5.912925,6.342929,-0.034477,-0.046317,-0.047071,4.495091,4.385156,4.394651,6.180478,5.793749,-5.365908
2.295270,-0.781765,-2.881703,0.000000,-1.118562,-2.737737,0.360114,-0.177865,-3.076986,-0.631975,6.196963,6.008004,6.256016,-0.024592,-0.033517,-0.036010,4.492134,4.381150,4.390204,6.612421,6.304220,-6.081485
2.395064,-0.803680,-2.979106,0.000000,-1.152082,-2.830209,0.372650,-0.212440,-3.172367,-0.619294,6.302548,6.110342,6.156602,-0.014200,-0.020884,-0.024615,4.490197,4.378295,4.386925,-6.591444,6.857613,-6.759800
2.494859,-0.825707,-3.076363,0.000000,-1.186044,-2.923164,0.385301,-0.247071,-3.267155,-0.606508,6.197301,6.220418,6.044783,-0.003754,-0.008437,-0.012899,4.489302,4.376593,4.384810,-7.742619,7.461806,-7.402978
2.594653,-0.847805,-3.173765,0.000000,-1.220325,-3.016597,0.398049,-0.281622,-3.361325,-0.593640,6.071342,6.338678,5.920662,0.006828,0.003867,-0.000870,4.489454,4.376053,4.383861,-7.259760,-6.193052,-7.535932
2.694448,-0.869814,-3.271082,0.000000,-1.254828,-3.110578,0.410885,-0.315995,-3.454949,-0.580697,5.950817,6.240097,5.792327,0.017493,0.016049,0.011459,4.490667,4.376682,4.384079,-6.822206,-6.677181,-7.049056
2.794242,-0.891654,-3.368439,0.000000,-1.289443,-3.205141,0.423797,-0.350081,-3.548070,-0.567688,5.835289,6.131397,5.670365,0.028373,0.028139,0.024077,4.492950,4.378492,4.385469,-6.420915,-6.165117,-6.617832
2.894036,-0.913233,-3.465928,0.000000,-1.324040,-3.300281,0.436767,-0.383759,-3.640681,-0.554626,5.724426,6.028746,5.554163,0.039551,0.040146,0.036978,4.496341,4.381493,4.388040,-6.059885,-5.692137,-6.212022
2.993831,-0.934394,-3.563351,0.000000,-1.358544,-3.396140,0.449804,-0.416958,-3.732912,-0.541504,5.617790,5.931775,5.443426,0.050823,0.052095,0.050180,4.500845,4.385692,4.391799,-5.739817,-5.271586,-5.851078
3.093625,-0.955102,-3.661073,0.000000,-1.392804,-3.492662,0.462888,-0.449538,-3.824699,-0.528339,5.514886,5.840043,5.337707,0.062050,0.064009,0.063644,4.506482,4.391100,4.396758,-5.451649,-4.885943,-5.513531
3.193419,-0.975180,-3.758799,0.000000,-1.426719,-3.589942,0.476021,-0.481410,-3.916119,-0.515134,5.415337,5.753206,5.236747,0.073360,0.075904,0.077469,4.513236,4.397725,4.402924,-5.188933,-4.527312,-5.196736
3.293214,-0.994542,-3.856674,0.000000,-1.460173,-3.688046,0.489196,-0.512464,-4.007181,-0.501899,5.318856,5.671055,5.140384,0.084847,0.087807,0.091712,4.521125,4.405581,4.410304,-4.949548,-4.201192,-4.908122
3.393008,-1.013086,-3.954773,0.000000,-1.493017,-3.786964,0.502393,-0.542573,-4.097863,-0.488652,5.225165,5.593307,5.048327,0.096507,0.099738,0.106347,4.530178,4.414680,4.418909,-4.736059,-3.889266,-4.619346
3.492802,-1.030660,-4.052905,0.000000,-1.525150,-3.886844,0.515616,-0.571662,-4.188274,-0.475395,5.133915,5.519869,4.960661,0.108198,0.111678,0.121322,4.540381,4.425034,4.428750,-4.502291,-3.602191,-4.341757
3.592597,-1.047201,-4.151397,0.000000,-1.556402,-3.987630,0.528832,-0.599592,-4.278342,-0.462146,5.045640,5.450573,4.877429,0.121371,0.123622,0.136609,4.551842,4.436654,4.439838,-4.279268,-3.332634,-4.075150
3.692391,-1.062531,-4.249977,0.000000,-1.586641,-4.089401,0.542041,-0.626270,-4.368126,-0.448902,4.960281,5.385267,4.798533,0.134652,0.135500,0.152193,4.564612,4.449553,4.452182,-4.058371,-3.081786,-3.819174
3.792185,-1.076538,-4.348773,0.000000,-1.615718,-4.192195,0.555238,-0.651592,-4.457638,-0.435664,4.877948,5.323783,4.723914,0.148180,0.147200,0.168040,4.578718,4.463741,4.465797,-3.849384,-2.852668,-3.576835
3.891980,-1.089085,-4.447793,0.000000,-1.643468,-4.295999,0.568414,-0.675443,-4.546854,-0.422438,4.798551,5.265893,4.653464,0.161975,0.158686,0.184134,4.594196,4.479237,4.480693,-3.657542,-2.637629,-3.339518
3.991774,-1.100023,-4.546924,0.000000,-1.669746,-4.400901,0.581574,-0.697732,-4.635824,-0.409221,4.721873,5.211444,4.587170,0.175794,0.169929,0.200446,4.611040,4.496052,4.496884,-3.480079,-2.440335,-3.113379
4.091568,-1.109228,-4.646330,0.000000,-1.694375,-4.506870,0.594704,-0.718343,-4.724495,-0.396025,4.647741,5.160249,4.524962,0.189694,0.180897,0.216910,4.629283,4.514193,4.514382,-3.318393,-2.257543,-2.893600
4.191363,-1.116546,-4.745833,0.000000,-1.717187,-4.613932,0.607799,-0.737176,-4.812875,-0.382859,4.575935,5.112135,4.466803,0.203570,0.191570,0.233498,4.648902,4.533675,4.533198,-3.160329,-2.088620,-2.681987
4.291157,-1.121842,-4.845477,0.000000,-1.738006,-4.722098,0.620847,-0.754129,-4.900944,-0.369736,4.506486,5.066931,4.412624,0.217891,0.201909,0.250069,4.669920,4.554498,4.553346,-3.006397,-1.931989,-2.480110
4.390951,-1.124970,-4.945221,0.000000,-1.756648,-4.831353,0.633828,-0.769100,-4.988672,-0.356667,4.439412,5.024493,4.362317,0.232610,0.211935,0.266476,4.692399,4.576671,4.574791,-2.863783,-1.779572,-2.287618
4.490746,-1.125782,-5.044993,0.000000,-1.772924,-4.941679,0.646728,-0.781991,-5.076032,-0.343666,4.374563,4.984838,4.315761,0.247376,0.221625,0.282631,-1.566842,4.600194,4.597552,-2.728963,-1.623825,-2.103207
4.590540,-1.124132,-5.144756,0.000000,-1.786644,-5.053060,0.659532,-0.792705,-5.162991,-0.330748,4.311859,4.948147,4.272849,0.262312,0.231026,0.298479,-1.541413,4.625091,4.621654,-2.607517,-1.473696,-1.927393
4.690335,-1.119869,-5.244463,0.000000,-1.797608,-5.165437,0.672217,-0.801146,-5.249488,-0.317935,4.251082,4.914404,4.233465,0.277118,0.240194,0.313950,-1.514493,4.651445,4.647109,-2.472989,-1.328550,-1.760377
4.790129,-1.112854,-5.343980,0.000000,-1.805616,-5.278778,0.684760,-0.807225,-5.335471,-0.305253,4.192626,4.883590,4.197469,0.293053,0.249089,0.328951,-1.486071,4.679282,4.673960,-2.332610,-1.186461,-1.600715
4.889923,-1.102929,-5.443274,0.000000,-1.810463,-5.393044,0.697123,-0.810851,-5.420893,-0.292719,4.136732,4.855725,4.164736,0.309726,0.257684,0.343419,-1.455996,4.708675,4.702222,-2.213634,-1.050293,-1.451338
4.989718,-1.089937,-5.542237,0.000000,-1.811939,-5.508051,0.709272,-0.811942,-5.505660,-0.280356,4.082981,4.830783,4.135088,0.325683,0.265953,0.357270,-1.424254,-1.543486,-1.551258,-2.141694,-0.917015,-1.308576
5.089512,-1.073746,-5.640673,0.000000,-1.809843,-5.623771,0.721220,-0.810422,-5.589761,-0.268184,4.030295,4.808762,4.108384,0.339523,0.273856,0.370441,-1.391076,-1.510771,-1.520022,-2.071420,-0.787525,-1.174751
5.189306,-1.054218,-5.738568,0.000000,-1.794146,-5.856677,0.748119,-0.799275,-5.755522,-0.245504,3.978674,4.773435,4.063168,0.353705,0.288458,0.394718,-1.356476,-1.439892,-1.452479,-1.987847,-0.541688,-0.923153
5.289101,-1.031272,-5.835603,0.000000,-1.780158,-5.973606,0.759730,-0.789525,-5.837060,-0.233850,3.928498,4.760053,4.044468,0.369057,0.295084,0.405862,-1.320449,-1.401728,-1.415777,-1.914941,-0.426139,-0.804487
5.388895,-1.004751,-5.931799,0.000000,-1.761798,-6.090719,0.771010,-0.776957,-5.917259,-0.222545,3.879548,4.749429,4.028288,0.384182,0.301199,0.416445,-1.282860,-1.361777,-1.376859,-1.794677,-0.313707,-0.687882
5.488689,-0.974555,-6.026927,0.000000,-1.738732,-6.208155,0.781889,-0.761507,-5.995949,-0.211706,3.833105,4.741517,4.014571,0.402464,0.306769,0.426468,-1.243726,-1.320276,-1.335892,-1.544135,-0.204892,-0.573980
5.588484,-0.940595,-6.120667,0.000000,-1.710686,-6.325565,0.792200,-0.743133,-6.072894,-0.201415,3.792691,4.736298,4.003245,0.428692,0.311848,0.435908,-1.202295,-1.277681,-1.293177,-1.276198,-0.097566,-0.463058
5.688278,-0.902574,-6.213068,0.000000,-1.677329,-6.442783,0.801845,-0.721807,-6.147862,-0.191743,3.758961,4.733787,3.994219,0.455413,0.316466,0.444735,-1.158123,-1.234123,-1.248903,-0.978150,-0.050476,-0.353515
5.788072,-0.860473,-6.303473,0.000000,-1.638301,-6.559608,0.810749,-0.697497,-6.220656,-0.182800,3.732903,4.732473,3.987421,0.482962,0.320644,0.452965,-1.111349,-1.189702,-1.203199,-0.613442,-0.050506,-0.246796
5.887867,-0.814023,-6.391820,0.000000,-1.593285,-6.675620,0.818755,-0.670232,-6.290948,-0.174721,3.716467,4.731145,3.982751,0.512971,0.324406,0.460569,-1.061658,-1.144552,-1.156296,-0.264961,-0.050464,-0.142939
5.987661,-0.763097,-6.477698,0.000000,-1.483800,-6.903758,0.836895,-0.606908,-6.423072,-0.161281,3.709345,4.728452,3.979340,0.539379,0.330704,0.473892,-1.008961,-1.052388,-1.059510,-0.030681,-0.050126,-0.034882
6.087455,-0.707655,-6.560670,0.000000,-1.419138,-7.014261,0.842757,-0.570633,-6.485074,-0.155503,3.708520,4.727094,3.978710,0.559371,0.333264,0.479591,-0.954155,-1.005600,-1.010002,-0.030667,-0.049693,-0.035602
6.187250,-0.647674,-6.640408,0.000000,-1.347892,-7.121495,0.847383,-0.531372,-6.544178,-0.150928,3.707695,4.725741,3.978075,0.581945,0.335443,0.484645,-0.897227,-0.958468,-0.959978,-0.030653,-0.049136,-0.036017
6.287044,-0.583221,-6.716528,0.000000,-1.270783,-7.224183,0.850774,-0.488395,-6.601392,-0.147476,3.706869,4.724405,3.977427,0.576224,0.337247,0.489039,-0.839308,-0.911058,-0.909643,-0.030640,-0.049258,-0.035952
6.386839,-0.514476,-6.788843,0.000000,-1.103552,-7.412800,0.857817,-0.390554,-6.711633,-0.142117,3.706044,4.721772,3.976099,0.567367,0.339686,0.495886,-0.782252,-0.815910,-0.809131,-0.030640,-0.049350,-0.035583
6.486633,-0.441750,-6.857153,0.000000,-1.014027,-7.499436,0.860248,-0.336458,-6.763977,-0.139584,3.705219,4.720469,3.975426,0.555765,0.340316,0.498333,-0.726122,-0.768392,-0.759452,-0.012327,-0.049484,-0.035599
6.586427,-0.365368,-6.921313,0.000000,-0.921082,-7.581036,0.862232,-0.279362,-6.814097,-0.137447,3.704887,4.719173,3.974745,0.541173,0.340535,0.500130,-0.671424,-0.721099,-0.710472,0.198804,-0.049379,-0.035468
6.686222,-0.285555,-6.981312,0.000000,-0.824785,-7.657867,0.863853,-0.219373,-6.861955,-0.135626,3.710238,4.717884,3.974060,0.529075,0.340344,0.501271,-0.618007,-0.674154,-0.662416,0.347794,-0.049417,-0.035481
6.786016,-0.202771,-7.036963,0.000000,-0.725620,-7.729802,0.865174,-0.156836,-6.907315,-0.134063,3.719581,4.716600,3.973371,0.513784,0.339720,0.501761,-0.565976,-0.627714,-0.615515,0.526050,-0.049384,-0.035219
6.885810,-0.117207,-7.088321,0.000000,-0.519553,-7.859314,0.869147,-0.024599,-6.990396,-0.130850,3.733668,4.714052,3.971986,0.499262,0.337177,0.500780,-0.515434,-0.537267,-0.525927,0.674571,-0.049373,-0.035195
6.985605,-0.029189,-7.135353,0.000000,-0.413261,-7.916927,0.870805,0.044742,-7.027976,-0.129151,3.751655,4.712785,3.971287,0.485160,0.335296,0.499267,-0.466289,-0.493640,-0.483282,0.803401,-0.049320,-0.035182
7.085399,0.060980,-7.178059,0.000000,-0.305048,-7.969887,0.872244,0.116048,-7.062871,-0.127627,3.772965,4.711524,3.970584,0.470715,0.333101,0.497096,-0.418610,-0.451334,-0.442147,0.927339,-0.049326,-0.035170
7.185193,0.153097,-7.216501,0.000000,-0.195220,-8.018211,0.873491,0.189105,-7.095013,-0.126263,3.797414,4.710268,3.969877,0.457566,0.330680,0.494174,-0.372288,-0.410153,-0.402108,1.023468,-0.049296,-0.035157
7.284988,0.246830,-7.250680,0.000000,-0.083938,-8.061983,0.874568,0.263789,-7.124387,-0.125043,3.824215,4.709016,3.969166,0.445533,0.328082,0.490441,-0.327240,-0.369949,-0.362828,1.097737,-0.049274,-0.035145
7.384782,0.342011,-7.280666,0.000000,0.028572,-8.101256,0.875496,0.339949,-7.150969,-0.123949,3.852755,4.707769,3.968452,0.434384,0.325341,0.485967,-0.283340,-0.330669,-0.324227,1.156012,-0.049301,-0.035132
7.484576,0.438405,-7.306499,0.000000,0.256538,-8.166581,0.878647,0.496118,-7.195704,-0.121352,3.882583,4.705379,3.967013,0.423741,0.319521,0.475131,-0.240511,-0.254556,-0.249249,1.205793,0.032243,0.006691
7.584371,0.535794,-7.328231,0.000000,0.371636,-8.192773,0.879935,0.575851,-7.213847,-0.120041,3.913452,4.706188,3.967151,0.413154,0.316504,0.468889,-0.198760,-0.217658,-0.212794,1.255214,0.103840,0.110618
7.684165,0.634007,-7.345931,0.000000,0.487293,-8.214753,0.881085,0.656525,-7.229177,-0.118843,3.945331,4.708785,3.969440,0.403437,0.313397,0.462189,-0.158019,-0.181492,-0.177035,1.291195,0.170819,0.212682
7.783959,0.732849,-7.359662,0.000000,0.603326,-8.232590,0.882111,0.738005,-7.241701,-0.117747,3.977857,4.713041,3.973855,0.394380,0.310238,0.455094,-0.118213,-0.146025,-0.141931,1.318079,0.232929,0.312376
7.883754,0.832152,-7.369493,0.000000,0.719594,-8.246358,0.883026,0.820165,-7.251429,-0.116744,4.010788,4.718824,3.980353,0.385901,0.306959,0.447671,-0.079284,-0.111225,-0.107455,1.337735,0.292528,0.409170
7.983548,0.931766,-7.375493,0.000000,0.835992,-8.256138,0.883841,0.902923,-7.258380,-0.115827,4.043936,4.726060,3.988881,0.377578,0.303518,0.440094,-0.041176,-0.077078,-0.073598,1.357830,0.351136,0.500803
8.083343,1.031539,-7.377736,0.000000,1.068569,-8.264028,0.886140,1.069725,-7.264029,-0.113857,4.077306,4.744705,4.011596,0.369109,0.296380,0.424802,-0.003920,-0.010622,-0.007659,1.383698,0.460989,0.666412
8.183137,1.131303,-7.376303,0.000000,1.184515,-8.262297,0.887255,1.153588,-7.262775,-0.112743,4.111033,4.755958,4.025505,0.361356,0.292804,0.417526,0.032516,0.021729,0.024460,1.399450,0.510113,0.734612
8.282931,1.230983,-7.371273,0.000000,1.300078,-8.256890,0.888268,1.237621,-7.258843,-0.111716,4.144865,4.768350,4.040828,0.353854,0.289287,0.410608,0.068209,0.053551,0.056044,1.413985,0.554410,0.792568
8.382726,1.330400,-7.362728,0.000000,1.415183,-8.247886,0.889184,1.321760,-7.252260,-0.110770,4.178770,4.781756,4.057348,0.346564,0.285876,0.404066,0.103154,0.084863,0.087136,1.427993,0.593263,0.840831
8.482520,1.429465,-7.350750,0.000000,1.529681,-8.235371,0.890011,1.405884,-7.243064,-0.109901,4.212735,4.796024,4.074847,0.339131,0.282643,0.397903,0.137378,0.115711,0.117757,1.448217,0.625312,0.880223
8.582314,1.528085,-7.335423,0.000000,1.643527,-8.219423,0.890757,1.489966,-7.231284,-0.109104,4.246903,4.810989,4.093146,0.331427,0.279606,0.392186,0.170837,0.146136,0.147959,1.476858,0.650719,0.910170
8.682109,1.626110,-7.316851,0.000000,1.756563,-8.200140,0.891425,1.573915,-7.216962,-0.108378,4.281465,4.826474,4.112040,0.324283,0.276847,0.386923,0.203544,0.176154,0.177770,1.497141,0.667857,0.931172
8.781903,1.723514,-7.295111,0.000000,1.979979,-8.151919,0.892999,1.657655,-7.200142,-0.107715,4.316220,4.858211,4.131336,0.315914,0.272172,0.382148,0.235500,0.235171,0.207222,1.545478,0.679395,0.943160
8.881697,1.820167,-7.270316,0.000000,2.090214,-8.123155,0.893854,1.824224,-7.159179,-0.106143,4.351806,4.874117,4.170378,0.307290,0.270166,0.374066,0.266594,0.264237,0.265228,1.601183,0.677121,0.941981
8.981492,1.916016,-7.242569,0.000000,2.199428,-8.091384,0.894591,1.906857,-7.135141,-0.105409,4.388371,4.889893,4.189771,0.300328,0.268331,0.370716,0.296860,0.293073,0.293866,1.623830,0.671218,0.930446
9.081286,2.011000,-7.211957,0.000000,2.307653,-8.056636,0.895202,1.988901,-7.108798,-0.104795,4.425143,4.905470,4.208864,0.296213,0.266648,0.367678,0.326624,0.321689,0.322305,1.588729,0.662333,0.914916
9.181080,2.105030,-7.178553,0.000000,2.414797,-8.018966,0.895680,2.070264,-7.080192,-0.104311,4.460828,4.920781,4.227570,0.292544,0.265096,0.364843,0.355996,0.350150,0.350577,1.549385,0.651190,0.897682
9.280875,2.198046,-7.142416,0.000000,2.520854,-7.978392,0.896013,2.150819,-7.049374,-0.103969,4.495356,4.935785,4.245845,0.290827,0.263656,0.362143,0.385096,0.378469,0.378731,1.471930,0.638391,0.880105
9.380669,2.289971,-7.103596,0.000000,2.625833,-7.934905,0.896188,2.230534,-7.016353,-0.103783,4.527914,4.950460,4.263693,0.289267,0.262323,0.359542,0.414040,0.406697,0.406789,1.397574,0.624074,0.862806
9.480463,2.380737,-7.062139,0.000000,2.729517,-7.888594,0.896188,2.309221,-6.981206,-0.103771,4.558612,4.964755,4.281097,0.287814,0.261069,0.357034,0.442829,0.434880,0.434808,1.327076,0.609153,0.845922
9.580258,2.470273,-7.018094,0.000000,2.831998,-7.839405,0.896000,2.386926,-6.943910,-0.103948,4.587572,4.978683,4.298094,0.286781,0.259905,0.354567,0.471494,0.463039,0.462822,1.252686,0.593215,0.830318
9.680052,2.558533,-6.971493,0.000000,3.032829,-7.732570,0.895302,2.538866,-6.863087,-0.104561,4.614741,5.005337,4.330932,0.286069,0.257806,0.349712,0.500080,0.519514,0.519021,1.176585,0.556848,0.803469
9.779847,2.645402,-6.922404,0.000000,3.131155,-7.674873,0.894746,2.612992,-6.819591,-0.105125,4.640115,5.018004,4.346848,0.286293,0.256845,0.347271,0.528631,0.547905,0.547283,1.083857,0.533384,0.793016
9.879641,2.730845,-6.870847,0.000000,3.227785,-7.614453,0.893916,2.685699,-6.774130,-0.105961,4.663368,5.030103,4.362463,0.286774,0.255914,0.344801,0.557225,0.576468,0.575719,0.991436,0.511457,0.784815
9.979435,2.814779,-6.816865,0.000000,3.322814,-7.551223,0.892795,2.757085,-6.726632,-0.107085,4.684536,5.041696,4.377862,0.287299,0.254994,0.342277,0.585873,0.605212,0.604357,0.904398,0.491354,0.779117
10.079230,2.897123,-6.760504,0.000000,3.416053,-7.485278,0.891374,2.826989,-6.677191,-0.108508,4.703763,5.052813,4.393073,0.287893,0.254066,0.339693,0.614569,0.634189,0.633234,0.821786,0.473491,0.775946
10.179024,2.977829,-6.701790,0.000000,3.507459,-7.416608,0.889634,2.895331,-6.625850,-0.110248,4.721165,5.063516,4.408145,0.288790,0.253103,0.337029,0.643345,0.663420,0.662371,0.737415,0.458496,0.775596
10.278818,3.056795,-6.640787,0.000000,3.597012,-7.345176,0.887550,2.962081,-6.572607,-0.112326,4.736727,5.073877,4.423142,0.289156,0.252086,0.334283,0.672183,0.692888,0.691807,0.672311,0.446578,0.777882
10.378613,3.133974,-6.577526,0.000000,3.684458,-7.271129,0.885101,3.027060,-6.517585,-0.114767,4.750870,5.083953,4.438091,0.289680,0.250989,0.331458,0.701064,0.722629,0.721563,0.607951,0.438380,0.782696
10.478407,3.209297,-6.512056,0.000000,3.853017,-7.114978,0.878559,3.151696,-6.402132,-0.120325,4.763623,5.103633,4.468094,0.290183,0.248497,0.325553,0.730006,0.782675,0.781799,0.548780,0.433445,0.799579
10.578201,3.282691,-6.444434,0.000000,3.933854,-7.032992,0.875140,3.211149,-6.341835,-0.123673,4.775106,5.113402,4.483221,0.290646,0.247088,0.322466,0.758986,0.812886,0.812191,0.494916,0.436558,0.811605
10.677996,3.354084,-6.374719,0.000000,4.012311,-6.948382,0.871232,3.268624,-6.279854,-0.127491,4.785438,5.123244,4.498498,0.291536,0.245563,0.319286,0.788030,0.843118,0.842672,0.434044,0.443217,0.825970
10.777790,3.423436,-6.302941,0.000000,4.088175,-6.861296,0.866810,3.323977,-6.216315,-0.131804,4.794481,5.133225,4.513944,0.291815,0.243928,0.316002,0.817146,0.873347,0.873188,0.393378,0.452967,0.842878
10.877584,3.490654,-6.229190,0.000000,4.161434,-6.771662,0.861829,3.377203,-6.151192,-0.136649,4.802662,5.143431,4.529622,0.292217,0.242171,0.312610,0.846284,0.903509,0.903652,0.352599,0.465973,0.862267
10.977379,3.555692,-6.153513,0.000000,4.231905,-6.679601,0.856256,3.428198,-6.084576,-0.142057,4.809983,5.153923,4.545564,0.289807,0.240296,0.309093,0.875415,0.933561,0.934036,0.388185,0.481904,0.884481
11.077173,3.618525,-6.075976,0.000000,4.299439,-6.585241,0.850032,3.476962,-6.016442,-0.148061,4.818030,5.164762,4.561838,0.282834,0.238299,0.305448,0.903989,0.963464,0.964259,0.541003,0.500742,0.909490
11.176967,3.679132,-5.996716,0.000000,4.363963,-6.488624,0.843081,3.523446,-5.946839,-0.154718,4.829223,5.176014,4.578494,0.276102,0.236162,0.301667,0.931872,0.993140,0.994258,0.677718,0.522819,0.937345
11.276762,3.737552,-5.915790,0.000000,4.483093,-6.290185,0.825350,3.609981,-5.802665,-0.169402,4.843207,5.199899,4.613358,0.268482,0.231475,0.293663,0.959054,1.051671,1.053325,0.830014,0.576450,1.001576
11.376556,3.793771,-5.833345,0.000000,4.537679,-6.188818,0.816460,3.650143,-5.728080,-0.177874,4.860280,5.212646,4.631713,0.260934,0.228902,0.289420,0.985468,1.080409,1.082270,0.972506,0.608511,1.038176
11.476351,3.847825,-5.749462,0.000000,4.588993,-6.086287,0.806912,3.688263,-5.651907,-0.187011,4.880207,5.226014,4.650766,0.253721,0.226171,0.285016,1.011143,1.108736,1.110732,1.099484,0.644095,1.077752
11.576145,3.899746,-5.664224,0.000000,4.637118,-5.982723,0.796755,3.724354,-5.574235,-0.196768,4.902639,5.240070,4.670571,0.246825,0.223256,0.280435,1.036121,1.136577,1.138655,1.213039,0.683960,1.120658
11.675939,3.949532,-5.577769,0.000000,4.682135,-5.878264,0.786034,3.758425,-5.495173,-0.207101,4.927268,5.254895,4.691182,0.240108,0.220166,0.275668,1.060410,1.163895,1.165985,1.318181,0.727653,1.167185
11.775734,3.997257,-5.490097,0.000000,4.724131,-5.773024,0.774795,3.790492,-5.414809,-0.217968,4.953894,5.270562,4.712661,0.233762,0.216885,0.270720,1.084059,1.190623,1.192647,1.410475,0.775705,1.217254
11.875528,4.042909,-5.401367,0.000000,4.763193,-5.667109,0.763078,3.820577,-5.333228,-0.229329,4.982227,5.287151,4.735067,0.227536,0.213410,0.265573,1.107074,1.216698,1.218606,1.497914,0.828111,1.271373
11.975322,4.086534,-5.311624,0.000000,4.799405,-5.560624,0.750926,3.848704,-5.250514,-0.241144,5.012140,5.304738,4.758467,0.221475,0.209751,0.260242,1.129474,1.242076,1.243796,1.574295,0.884539,1.329243
12.075117,4.128174,-5.220918,0.000000,4.832853,-5.453670,0.738379,3.874899,-5.166749,-0.253376,5.043388,5.323391,4.782921,0.215547,0.205891,0.254716,1.151283,1.266670,1.268190,1.638341,0.945630,1.391263
12.174911,4.167836,-5.129377,0.000000,4.863630,-5.346318,0.725469,3.899197,-5.081991,-0.265989,5.075702,5.343192,4.808500,0.209690,0.201859,0.248997,1.172495,1.290464,1.291751,1.701085,1.010452,1.457522
12.274705,4.205593,-5.036979,0.000000,4.891816,-5.238672,0.712238,3.921627,-4.996323,-0.278948,5.109038,5.364194,4.835268,0.204045,0.197664,0.243085,1.193143,1.313459,1.314491,1.758558,1.078843,1.528204
12.374500,4.241451,-4.943858,0.000000,4.917503,-5.130792,0.698718,3.942228,-4.909797,-0.292219,5.143273,5.386451,4.863298,0.198456,0.193317,0.236973,1.213224,1.335663,1.336456,1.815855,1.150556,1.603694
12.474294,4.275458,-4.850046,0.000000,4.940777,-5.022754,0.684943,3.961037,-4.822476,-0.305769,5.178386,5.410006,4.892664,0.192988,0.188848,0.230696,1.232753,1.357092,1.357654,1.871094,1.224851,1.683274
12.574088,4.307656,-4.755581,0.000000,4.961724,-4.914632,0.670948,3.978096,-4.734420,-0.319566,5.214320,5.434883,4.923425,0.187637,0.184256,0.224259,1.251746,1.377764,1.378109,1.924708,1.302039,1.767087
12.673883,4.338072,-4.660557,0.000000,4.980436,-4.806462,0.656762,3.993448,-4.645667,-0.333580,5.251027,5.461119,4.955648,0.182320,0.179564,0.217688,1.270202,1.397698,1.397841,1.979451,1.381556,1.854696
12.773677,4.366763,-4.564963,0.000000,4.996996,-4.698320,0.642418,4.007135,-4.556279,-0.347778,5.288512,5.488726,4.989377,0.176922,0.174779,0.211014,1.288130,1.416909,1.416861,2.039386,1.463519,1.945635
12.873471,4.393758,-4.468895,0.000000,5.011493,-4.590245,0.627942,4.019205,-4.466291,-0.362133,5.326856,5.517725,5.024658,0.171538,0.169908,0.204250,1.305516,1.435411,1.435186,2.101434,1.548033,2.029443
12.973266,4.419103,-4.372380,0.000000,5.024013,-4.482292,0.613365,4.029707,-4.375735,-0.376618,5.366081,5.548131,5.061344,0.166402,0.164973,0.197428,1.322371,1.453218,1.452827,2.157551,1.634666,2.111678
13.073060,4.442844,-4.275451,0.000000,5.034644,-4.374508,0.598718,4.038689,-4.284651,-0.391205,5.406056,5.579951,5.099388,0.161527,0.159964,0.190560,1.338734,1.470344,1.469797,2.207494,1.724231,2.197243
13.172854,4.465018,-4.178159,0.000000,5.043474,-4.266901,0.584027,4.046202,-4.193089,-0.405864,5.446654,5.613214,5.138820,0.156653,0.154893,0.183676,1.354610,1.486800,1.486108,2.260664,1.816583,2.285608
13.272649,4.485668,-4.080529,0.000000,5.050585,-4.159493,0.569318,4.052292,-4.101095,-0.420572,5.487917,5.647943,5.179664,0.152689,0.149777,0.176795,1.370043,1.502597,1.501771,2.283553,1.911555,2.376533
13.372443,4.504828,-3.982592,0.000000,5.056054,-4.052308,0.554620,4.057005,-4.008704,-0.435302,5.529287,5.684151,5.221938,0.148747,0.144626,0.169947,1.385084,1.517749,1.516794,2.309372,2.009102,2.469494
13.472238,4.522532,-3.884386,0.000000,5.059955,-3.945343,0.539956,4.060387,-3.915964,-0.450025,5.570811,5.721858,5.265641,0.144916,0.139464,0.163166,1.399733,1.532264,1.531190,2.334658,2.108670,2.563779
13.572032,4.538814,-3.785934,0.000000,5.062358,-3.838617,0.525348,4.062481,-3.822896,-0.464718,5.612478,5.761066,5.310773,0.141204,0.134306,0.156461,1.414009,1.546154,1.544965,2.358967,2.210132,2.659490
13.671826,4.553709,-3.687246,0.000000,5.063330,-3.732160,0.510823,4.063333,-3.729530,-0.479358,5.654266,5.801764,5.357326,0.137509,0.129172,0.149853,1.427918,1.559428,1.558131,2.386351,2.313013,2.756237
13.771621,4.567245,-3.588392,0.000000,5.062939,-3.625977,0.496402,4.062988,-3.635871,-0.493920,5.696228,5.843944,5.405297,0.133819,0.124083,0.143354,1.441454,1.572096,1.570698,2.417238,2.416835,2.853883
13.871415,4.579462,-3.489343,0.000000,5.061254,-3.520092,0.482108,4.061493,-3.541943,-0.508381,5.738421,5.887576,5.454670,0.130141,0.119056,0.136976,1.454625,1.584171,1.582676,2.451284,2.521355,2.952361
13.971209,4.590391,-3.390153,0.000000,5.058340,-3.414515,0.467965,4.058892,-3.447758,-0.522718,5.780893,5.932634,5.505431,0.126522,0.114113,0.130733,1.467431,1.595664,1.594085,2.486468,2.625806,3.051383
14.071004,4.600066,-3.290836,0.000000,5.054263,-3.309253,0.453993,4.055234,-3.353322,-0.536908,5.823658,5.979077,5.557565,0.122954,0.109264,0.124633,1.479878,1.606597,1.604944,2.523098,2.730185,3.150954
14.170798,4.608524,-3.191381,0.000000,5.049090,-3.204327,0.440217,4.050567,-3.258657,-0.550928,5.866734,6.026856,5.611044,0.119404,0.104508,0.118686,1.491973,1.616987,1.615272,2.562671,2.834800,3.250826
14.270592,4.615794,-3.091876,0.000000,5.042884,-3.099731,0.426656,4.044936,-3.163761,-0.564755,5.910165,6.075941,5.665853,0.115901,0.099847,0.112899,1.503711,1.626851,1.625089,2.603779,2.939912,3.350966
14.370387,4.621914,-2.992260,0.000000,5.035711,-2.995477,0.413334,4.038391,-3.068645,-0.578366,5.953968,6.126295,5.721963,0.112415,0.095276,0.107278,1.515104,1.636209,1.634412,2.647925,3.045970,3.451212
14.470181,4.626915,-2.892595,0.000000,5.027633,-2.891570,0.400273,4.030980,-2.973314,-0.591739,5.998186,6.177896,5.779347,0.108957,0.090792,0.101823,1.526150,1.645075,1.643257,2.694539,3.153425,3.551719
14.569975,4.630833,-2.792885,0.000000,5.018715,-2.788007,0.387493,4.022752,-2.877769,-0.604850,6.042850,6.230728,5.837985,0.105523,0.086392,0.096526,1.536851,1.653462,1.651638,2.743897,3.262684,3.652893
14.669770,4.633701,-2.693109,0.000000,5.009017,-2.684785,0.375015,4.013756,-2.782029,-0.617675,6.087995,6.284783,5.897847,0.102106,0.082073,0.091390,1.547213,1.661387,1.659567,2.796297,3.374150,3.754759
14.769564,4.635551,-2.593356,0.000000,4.998595,-2.581890,0.362855,4.004040,-2.686099,-0.630195,6.133661,6.340065,5.958916,0.098717,0.077834,0.086412,1.557231,1.668864,1.667057,2.851359,3.488159,3.857445
14.869358,4.636419,-2.493555,0.000000,4.987505,-2.479308,0.351028,3.993650,-2.589997,-0.642390,6.179878,6.396580,6.021164,0.095343,0.073674,0.081593,1.566915,1.675906,1.674122,2.909782,3.604974,3.961009
14.969153,4.636337,-2.393764,0.000000,4.975785,-2.376974,0.339535,3.982632,-2.493789,-0.654242,6.226689,6.454369,6.084534,0.091993,0.069596,0.076935,1.576262,1.682530,1.680774,2.971152,3.724586,4.065482
15.068947,4.635339,-2.293981,0.000000,4.963472,-2.274877,0.328375,3.971017,-2.397483,-0.665751,6.274126,6.513443,6.149008,0.088664,0.065607,0.072438,1.585275,1.688749,1.687024,3.035775,3.846879,4.170785
15.168742,4.633458,-2.194183,0.000000,4.950599,-2.173005,0.317546,3.958836,-2.301091,-0.676917,6.322228,6.573808,6.214560,0.085351,0.061712,0.068103,1.593960,1.694578,1.692886,3.103988,3.971712,4.276842
15.268536,4.630728,-2.094447,0.000000,4.937197,-2.071347,0.307045,3.946118,-2.204622,-0.687742,6.371035,6.635469,6.281166,0.082060,0.057918,0.063933,1.602311,1.700031,1.698370,3.175607,4.098863,4.383528
15.368330,4.627180,-1.994706,0.000000,4.923297,-1.969901,0.296866,3.932889,-2.108076,-0.698230,6.420584,6.698420,6.348810,0.078784,0.054233,0.059925,1.610338,1.705122,1.703488,3.251248,4.228009,4.490737
15.468125,4.622848,-1.895008,0.000000,4.908931,-1.868668,0.287007,3.919177,-2.011451,-0.708385,6.470921,6.762651,6.417470,0.075530,0.050662,0.056082,1.618037,1.709866,1.708251,3.330577,4.358830,4.598270
15.567919,4.617766,-1.795348,0.000000,4.894130,-1.767645,0.277464,3.905008,-1.914744,-0.718213,6.522083,6.828142,6.487124,0.072294,0.047215,0.052404,1.625413,1.714277,1.712671,3.414057,4.490897,4.705885
15.667713,4.611963,-1.695705,0.000000,4.878925,-1.666830,0.268234,3.890410,-1.817953,-0.727716,6.574113,6.894873,6.557748,0.069071,0.043897,0.048891,1.632468,1.718367,1.716758,3.502194,4.623776,4.813409
15.767508,4.605475,-1.596138,0.000000,4.863347,-1.566221,0.259313,3.875409,-1.721075,-0.736898,6.627063,6.962812,6.629313,0.065868,0.040712,0.045544,1.639199,1.722148,1.720524,3.594853,2.553830,4.920534
15.867302,4.598332,-1.496592,0.000000,4.847427,-1.465814,0.250698,3.860035,-1.624107,-0.745764,6.680977,7.000000,6.701790,0.062675,0.037664,0.042361,1.645614,1.725627,1.723976,3.692848,0.000000,5.026953
15.967096,4.590567,-1.397100,0.000000,4.831196,-1.365607,0.242387,3.844313,-1.527044,-0.754315,6.735912,7.000000,6.775143,0.059503,0.034755,0.039345,1.651710,1.728807,1.727122,3.795818,0.000000,5.132302
16.066891,4.582211,-1.297660,0.000000,4.814685,-1.265596,0.234377,3.828272,-1.429883,-0.762556,6.791915,7.000000,6.849335,0.056347,0.031987,0.036494,1.657490,1.731687,1.729966,3.904382,0.000000,5.236151
16.166685,4.573295,-1.198253,0.000000,4.797925,-1.165778,0.226665,3.811941,-1.332619,-0.770489,6.849042,7.000000,6.924321,0.053205,0.029363,0.033808,1.662957,1.734269,1.732508,4.019078,0.000000,5.334188
16.266479,4.563853,-1.098915,0.000000,4.780947,-1.066149,0.219250,3.795347,-1.235247,-0.778116,6.907354,7.000000,7.000000,0.050132,0.026886,0.031285,1.668113,1.736549,1.734747,4.136178,0.000000,0.000000
16.366274,4.553913,-0.999613,0.000000,4.763781,-0.966705,0.212129,3.778520,-1.137763,-0.785440,6.966856,7.000000,7.000000,0.047066,0.024559,0.028922,1.672963,1.738526,1.736684,2.319374,0.000000,0.000000
16.466068,4.543507,-0.900362,0.000000,4.746459,-0.867443,0.205303,3.761487,-1.040159,-0.792462,7.000000,7.000000,7.000000,0.043993,0.022385,0.026718,1.677506,1.740198,1.738319,0.000000,0.000000,0.000000
16.565862,4.532666,-0.801160,0.000000,4.729011,-0.768358,0.198770,3.744278,-0.942431,-0.799182,7.000000,7.000000,7.000000,0.040917,0.020367,0.024671,1.681743,1.741566,1.739660,0.000000,0.000000,0.000000
16.665657,4.521418,-0.701995,0.000000,4.711469,-0.669446,0.192529,3.726923,-0.844574,-0.805602,7.000000,7.000000,7.000000,0.037843,0.018505,0.022776,1.685673,1.742631,1.740727,0.000000,0.000000,0.000000
16.765451,4.509798,-0.602882,0.000000,4.693862,-0.570700,0.186579,3.709451,-0.746582,-0.811722,7.000000,7.000000,7.000000,0.034750,0.016797,0.021028,1.689295,1.743401,1.741542,0.000000,0.000000,0.000000
16.865246,4.497833,-0.503806,0.000000,4.676223,-0.472116,0.180919,3.691892,-0.648449,-0.817545,7.000000,7.000000,7.000000,0.031660,0.015238,0.019422,1.692609,1.743899,1.742132,0.000000,0.000000,0.000000
16.965040,4.485555,-0.404770,0.000000,4.658581,-0.373693,0.175549,3.674276,-0.550166,-0.823069,7.000000,7.000000,7.000000,0.028600,0.013823,0.017953,1.695615,1.744151,1.742524,0.000000,0.000000,0.000000
17.064834,4.472995,-0.305770,0.000000,4.640969,-0.275424,0.170469,3.656633,-0.451727,-0.828296,7.000000,7.000000,7.000000,0.025561,0.012546,0.016614,1.698318,1.744189,1.742745,0.000000,0.000000,0.000000
17.164629,4.460182,-0.206799,0.000000,4.623418,-0.177309,0.165681,3.638995,-0.353123,-0.833224,7.000000,7.000000,7.000000,0.022509,0.011401,0.015400,1.700717,1.744044,1.742823,0.000000,0.000000,0.000000
17.264423,4.447147,-0.107858,0.000000,4.605961,-0.079344,0.161185,3.621393,-0.254347,-0.837851,7.000000,7.000000,7.000000,0.019289,0.010381,0.014305,1.702803,1.743750,1.742786,0.000000,0.000000,0.000000
17.364217,4.433922,-0.008944,0.000000,4.588628,0.018483,0.156982,3.603861,-0.155397,-0.842178,7.000000,7.000000,7.000000,0.016073,0.009481,0.013324,1.704567,1.743343,1.742657,0.000000,0.000000,0.000000
17.464012,4.420538,0.089953,0.000000,4.571441,0.116205,0.153064,3.586433,-0.056299,-0.846207,7.000000,7.000000,7.000000,0.011601,0.008694,0.012455,1.705976,1.742857,1.742458,0.000000,0.000000,0.000000
17.563806,4.407041,0.188834,0.000000,4.554425,0.213829,0.149413,3.569134,0.042948,-0.849951,7.000000,7.000000,7.000000,0.006122,0.008017,0.011695,1.706860,1.742324,1.742209,0.000000,0.000000,0.000000
17.663600,4.393484,0.287694,0.000000,4.537574,0.311482,0.145986,3.552002,0.142223,-0.853447,7.000000,7.000000,7.000000,0.000974,0.007447,0.011040,1.707198,1.741770,1.741926,0.000000,0.000000,0.000000
17.763395,4.379908,0.386562,0.000000,4.520856,0.409261,0.142726,3.535041,0.241427,-0.856759,7.000000,7.000000,7.000000,0.001894,0.006982,0.010490,1.707341,1.741223,1.741627,0.000000,0.000000,0.000000
17.863189,4.366313,0.485423,0.000000,4.504251,0.507169,0.139615,3.518230,0.340548,-0.859916,7.000000,7.000000,7.000000,0.002813,0.006622,0.010044,1.707576,1.740703,1.741329,0.000000,0.000000,0.000000
17.962983,4.352690,0.584277,0.000000,4.487729,0.605237,0.136637,3.501552,0.439544,-0.862934,7.000000,7.000000,7.000000,0.006190,0.006367,0.009704,1.707970,1.740233,1.741049,0.000000,0.000000,0.000000
18.062778,4.339005,0.683125,0.000000,4.471261,0.703465,0.133797,3.484977,0.538407,-0.865818,7.000000,7.000000,7.000000,0.011577,0.006219,0.009469,1.708857,1.739836,1.740805,0.000000,0.000000,0.000000
18.162572,4.325204,0.781971,0.000000,4.454814,0.801855,0.131116,3.468476,0.637125,-0.868546,7.000000,7.000000,7.000000,0.016947,0.006179,0.009344,1.710281,1.739533,1.740617,0.000000,0.000000,0.000000
18.262366,4.311238,0.880778,0.000000,4.438358,0.900406,0.128618,3.452018,0.735686,-0.871093,7.000000,7.000000,7.000000,0.022059,0.006249,0.009332,1.712227,1.739350,1.740503,0.000000,0.000000,0.000000
18.362161,4.297053,0.979563,0.000000,4.421864,0.999101,0.126322,3.435571,0.834098,-0.873438,7.000000,7.000000,7.000000,0.027176,0.006432,0.009439,1.714684,1.739306,1.740483,0.000000,0.000000,0.000000
18.461955,4.282601,1.078308,0.000000,4.405315,1.097882,0.124257,3.419100,0.932411,-0.875554,7.000000,7.000000,7.000000,0.031145,0.006734,0.009670,1.717620,1.739420,1.740575,0.000000,0.000000,0.000000
18.561750,4.267843,1.177006,0.000000,4.388697,1.196738,0.122446,3.402590,1.030630,-0.877413,7.000000,7.000000,7.000000,0.034143,0.007160,0.010031,1.720878,1.739706,1.740799,0.000000,0.000000,0.000000
18.661544,4.252749,1.275650,0.000000,4.372000,1.295637,0.120905,3.386019,1.128782,-0.878997,7.000000,7.000000,7.000000,0.037125,0.007714,0.010527,1.724435,1.740162,1.741171,0.000000,0.000000,0.000000
18.761338,4.237290,1.374242,0.000000,4.355219,1.394556,0.119655,3.369375,1.226889,-0.880284,7.000000,7.000000,7.000000,0.039692,0.008396,0.011162,1.728268,1.740781,1.741703,0.000000,0.000000,0.000000
18.861133,4.221441,1.472769,0.000000,4.338347,1.493493,0.118718,3.352654,1.324947,-0.881252,7.000000,7.000000,7.000000,0.042260,0.009208,0.011939,1.732357,1.741557,1.742395,0.000000,0.000000,0.000000
18.960927,4.205176,1.571230,0.000000,4.321375,1.592462,0.118110,3.335848,1.422944,-0.881880,7.000000,7.000000,7.000000,0.044819,0.010148,0.012858,1.736702,1.742478,1.743243,0.000000,0.000000,0.000000
19.060721,4.188471,1.669617,0.000000,4.304292,1.691462,0.117848,3.318949,1.520877,-0.882152,7.000000,7.000000,7.000000,0.047374,0.011217,0.013920,1.741302,1.743535,1.744239,0.000000,0.000000,0.000000
19.160516,4.171302,1.767920,0.000000,4.287089,1.790487,0.117949,3.301948,1.618741,-0.882048,7.000000,7.000000,7.000000,0.049929,0.012413,0.015124,1.746157,1.744716,1.745375,0.000000,0.000000,0.000000
19.260310,4.153642,1.866144,0.000000,4.269757,1.889539,0.118428,3.284835,1.716540,-0.881550,7.000000,7.000000,7.000000,0.052339,0.013733,0.016472,1.751260,1.746009,1.746642,-0.411332,0.000000,0.000000
19.360104,4.135470,1.964268,0.000000,4.252285,1.988615,0.119302,3.267601,1.814268,-0.880642,6.994133,7.000000,7.000000,0.054750,0.015178,0.017965,1.756604,1.747408,1.748030,-3.742667,0.000000,0.000000
19.459899,4.116762,2.062294,0.000000,4.234664,2.087715,0.120585,3.250237,1.911922,-0.879307,6.940527,7.000000,7.000000,0.057305,0.016745,0.019602,1.762192,1.748909,1.749530,-3.651660,0.000000,0.000000
19.559693,4.097494,2.160212,0.000000,4.216884,2.186841,0.122293,3.232734,2.009500,-0.877527,6.887821,7.000000,7.000000,0.059996,0.018436,0.021387,1.768045,1.750509,1.751134,-3.565524,0.000000,0.000000
19.659487,4.077641,2.258006,0.000000,4.198933,2.285988,0.124444,3.215082,2.106995,-0.875282,6.835967,7.000000,7.000000,0.062695,0.020252,0.023321,1.774166,1.752210,1.752842,-3.480943,0.000000,0.000000
19.759282,4.057173,2.355688,0.000000,4.180800,2.385157,0.127053,3.197271,2.204409,-0.872554,6.784960,7.000000,7.000000,0.065446,0.022194,0.025408,1.780560,1.754014,1.754651,-3.400816,0.000000,0.000000
19.859076,4.036071,2.453222,0.000000,4.162476,2.484345,0.130139,3.179290,2.301736,-0.869323,6.734755,7.000000,7.000000,0.068205,0.024264,0.027651,1.787229,1.755923,1.756565,-3.322252,0.000000,0.000000
19.958870,4.014304,2.550616,0.000000,4.143948,2.583552,0.133719,3.161130,2.398974,-0.865569,6.685345,7.000000,7.000000,0.071012,0.026463,0.030051,1.794175,1.757938,1.758592,-3.245326,0.000000,-1.501118
20.058665,3.991847,2.647854,0.000000,4.125205,2.682776,0.137810,3.142780,2.496120,-0.861272,6.636724,7.000000,6.978767,0.073865,0.028790,0.032611,1.801404,1.760065,1.760738,-3.172324,0.000000,-5.463483
20.158459,3.968677,2.744909,0.000000,4.106238,2.782012,0.142431,3.124230,2.593170,-0.856411,6.588850,7.000000,6.900980,0.076726,0.031247,0.035330,1.808917,1.762309,1.763018,-3.102263,0.000000,-5.351059
20.258254,3.944759,2.841809,0.000000,4.087033,2.881259,0.147598,3.105469,2.690125,-0.850966,6.541695,7.000000,6.823976,0.079610,0.033830,0.038207,1.816719,1.764682,1.765449,-3.035621,0.000000,-5.238442
20.358048,3.920076,2.938497,0.000000,4.067581,2.980513,0.153330,3.086487,2.786982,-0.844916,6.495221,7.000000,6.747784,0.082506,0.036537,0.041242,1.824807,1.767203,1.768051,-2.972908,0.000000,-5.126033
20.457842,3.894597,3.034986,0.000000,4.047871,3.079770,0.159645,3.067273,2.883738,-0.838238,6.449382,7.000000,6.672426,0.085403,0.039365,0.044433,1.833186,1.769894,1.770845,-2.913840,-3.110368,-5.014101
20.557637,3.868295,3.131256,0.000000,4.027892,3.179028,0.166561,3.047819,2.980392,-0.830913,6.404136,6.954866,6.597921,0.088306,0.042317,0.047779,1.841854,1.772779,1.773855,-2.857673,-4.742168,-4.903042
20.657431,3.841151,3.227272,0.000000,4.007633,3.278287,0.174096,3.028113,3.076939,-0.822919,6.359450,6.885445,6.524285,0.091223,0.045395,0.051277,1.850810,1.775886,1.777103,-2.796904,-4.620618,-4.793259
20.757225,3.813125,3.323067,0.000000,3.987081,3.377545,0.182268,3.008147,3.173371,-0.814235,6.315408,6.817083,6.451531,0.094283,0.048599,0.054928,1.860068,1.779243,1.780615,-2.739029,-4.500905,-4.683536
20.857020,3.784206,3.418572,0.000000,3.966223,3.476808,0.191095,2.987910,3.269678,-0.804840,6.271977,6.749782,6.379689,0.097355,0.051934,0.058728,1.869629,1.782882,1.784415,-2.681787,-4.380257,-4.576892
20.956814,3.754358,3.513799,0.000000,3.945034,3.576107,0.200593,2.967394,3.365820,-0.794723,6.229161,6.683567,6.308768,0.100477,0.055402,0.062680,1.879499,1.786832,1.788529,-2.624918,-4.263034,-4.468892
21.056608,3.723555,3.608726,0.000000,3.923490,3.675441,0.210771,2.946581,3.461785,-0.783870,6.186965,6.618418,6.238822,0.103654,0.059006,0.066790,1.889685,1.791126,1.792983,-2.570341,-4.145386,-4.362020
21.156403,3.691779,3.703308,0.000000,3.901550,3.774871,0.221641,2.925460,3.557502,-0.772285,6.145366,6.554332,6.169909,0.106850,0.062750,0.071065,1.900187,1.795793,1.797801,-2.518269,-4.026149,-4.258257
21.256197,3.658985,3.797579,0.000000,3.879156,3.874445,0.233200,2.904006,3.652898,-0.759985,6.104335,6.491336,6.102051,0.110058,0.066634,0.075518,1.911012,1.800868,1.803009,-2.468358,-3.908250,-4.152757
21.355991,3.625166,3.891460,0.000000,3.856256,3.974158,0.245433,2.882175,3.747958,-0.746989,6.063848,6.429443,6.035309,0.113283,0.070664,0.080159,1.922155,1.806378,1.808634,-2.419359,-3.788477,-4.048088
21.455786,3.590286,3.984961,0.000000,3.832785,4.074037,0.258327,2.859929,3.842624,-0.733326,6.023900,6.368701,5.969728,0.116550,0.074847,0.085004,1.933622,1.812357,1.814702,-2.371215,-3.669400,-3.942576
21.555580,3.554318,4.078053,0.000000,3.808682,4.174066,0.271856,2.837220,3.936870,-0.719026,5.984489,6.309140,5.905357,0.119857,0.079186,0.090066,1.945419,1.818837,1.821242,-2.325167,-3.547754,-3.833670
21.655374,3.517248,4.170688,0.000000,3.783874,4.274258,0.285998,2.813994,4.030676,-0.704121,5.945589,6.250829,5.842284,0.123180,0.083693,0.095364,1.957544,1.825845,1.828279,-2.282069,-3.425433,-3.725051
21.755169,3.479029,4.262891,0.000000,3.758296,4.374588,0.300723,2.790205,4.123988,-0.688651,5.907161,6.193830,5.780558,0.126498,0.088374,0.100900,1.970004,1.833416,1.835844,-2.240409,-3.300671,-3.613995
21.854963,3.439658,4.354583,0.000000,3.731872,4.475049,0.316002,2.765793,4.216802,-0.672651,5.869190,6.138225,5.720243,0.129843,0.093230,0.106667,1.982793,1.841576,1.843966,-2.199805,-3.173231,-3.500857
21.954757,3.399100,4.445764,0.000000,3.704533,4.575613,0.331800,2.740705,4.309089,-0.656159,5.831667,6.084111,5.661410,0.133223,0.098267,0.112665,1.995919,1.850352,1.852670,-2.160191,-3.046232,-3.389175
22.054552,3.357331,4.536401,0.000000,3.676213,4.676234,0.348082,2.714891,4.400807,-0.639216,5.794583,6.031547,5.604080,0.136638,0.103477,0.118883,2.009385,1.859769,1.861987,-2.122112,-2.914669,-3.272684
22.154346,3.314339,4.626442,0.000000,3.646825,4.776937,0.364823,2.688285,4.491980,-0.621851,5.757920,5.980639,5.548339,0.140075,0.108836,0.125310,2.023190,1.869840,1.871938,-2.085102,-2.785758,-3.158752
22.254141,3.270080,4.715900,0.000000,3.646825,4.776937,0.363936,2.688285,4.491980,-0.620337,5.721667,5.980639,5.548339,0.143544,0.108836,0.125310,2.037343,1.869840,1.871938,-2.049279,-2.785758,-3.158752
22.353935,3.224553,4.804696,0.000000,3.616314,4.877633,0.381049,2.660850,4.582524,-0.602529,5.685812,5.931427,5.494212,0.147043,0.114320,0.131938,2.051842,1.880585,1.882547,-2.013944,-2.656483,-3.042956
22.453729,3.177724,4.892821,0.000000,3.584596,4.978325,0.398546,2.632525,4.672446,-0.584384,5.650354,5.883956,5.441746,0.150586,0.119896,0.138751,2.066692,1.892010,1.893825,-1.978894,-2.527722,-2.926049
22.553524,3.129576,4.980234,0.000000,3.551599,5.078974,0.416389,2.603262,4.761708,-0.565943,5.615295,5.838276,5.391000,0.154179,0.125542,0.145736,2.081899,1.904124,1.905783,-1.944878,-2.404197,-2.812817
22.653318,3.080095,5.066883,0.000000,3.517262,5.179506,0.434535,2.573023,4.850244,-0.547252,5.580624,5.794364,5.341962,0.157803,0.131226,0.152872,2.097464,1.916937,1.918433,-1.911314,-2.279312,-2.695219
22.753112,3.029246,5.152760,0.000000,3.481483,5.279962,0.452964,2.541735,4.938093,-0.528335,5.546340,5.752263,5.294702,0.161471,0.136922,0.160136,2.113396,1.930451,1.931780,-1.878678,-2.160400,-2.582846
22.852907,2.977027,5.237795,0.000000,3.444218,5.380212,0.471620,2.509379,5.025141,-0.509251,5.512433,5.711953,5.249205,0.165171,0.142614,0.167489,2.129694,1.944675,1.945831,-1.844876,-2.043680,-2.470794
22.952701,2.923410,5.321961,0.000000,3.405376,5.480257,0.490475,2.475893,5.111391,-0.490031,5.478933,5.673425,5.205473,0.168956,0.148275,0.174903,2.146364,1.959614,1.960592,-1.809900,-1.929578,-2.359982
23.052495,2.868382,5.405213,0.000000,3.364884,5.580040,0.509486,2.441237,5.196796,-0.470716,5.445867,5.636681,5.163518,0.172825,0.153893,0.182356,2.163418,1.975272,1.976073,-1.775868,-1.820456,-2.254810
23.152290,2.811930,5.487497,0.000000,3.322687,5.679467,0.528606,2.405383,5.281280,-0.451357,5.413227,5.601689,5.123284,0.176720,0.159467,0.189807,2.180858,1.991662,1.992265,-1.745945,-1.711110,-2.149004
23.252084,2.754032,5.568779,0.000000,3.278676,5.778560,0.547812,2.368261,5.364864,-0.431980,5.380944,5.568470,5.084776,0.180557,0.164981,0.197230,2.198686,2.008789,2.009189,-1.716694,-1.606268,-2.049525
23.351878,2.694680,5.649002,0.000000,3.232814,5.877176,0.567045,2.329863,5.447433,-0.412644,5.349011,5.537009,5.047939,0.184428,0.170428,0.204590,2.216897,2.026669,2.026861,-1.684351,-1.503466,-1.953374
23.451673,2.633863,5.728118,0.000000,3.185014,5.975285,0.586270,2.290138,5.528970,-0.393386,5.317494,5.507296,5.012719,0.188438,0.175785,0.211850,2.235499,2.045343,2.045296,-1.649479,-1.403195,-1.851872
23.551467,2.571568,5.806078,0.000000,3.135205,6.072814,0.605441,2.249053,5.609419,-0.374248,5.286448,5.479323,4.979235,0.192569,0.181035,0.218977,2.254509,2.064830,2.064534,-1.616897,-1.306904,-1.750487
23.651261,2.507784,5.882828,0.000000,3.083333,6.169661,0.624509,2.206587,5.688707,-0.355279,5.255836,5.453056,4.947513,0.196679,0.186160,0.225938,2.273934,2.085183,2.084603,-1.597895,-1.213616,-1.652857
23.751056,2.442512,5.958306,0.000000,3.029309,6.265786,0.643442,2.162700,5.766798,-0.336521,5.225408,5.428459,4.917496,0.200442,0.191125,0.232715,2.293748,2.106445,2.105547,-1.578859,-1.124364,-1.560820
23.850850,2.375737,6.032470,0.000000,2.973074,6.361083,0.662187,2.117379,5.843603,-0.318030,5.195168,5.405492,4.889109,0.204265,0.195919,0.239283,2.313942,2.128628,2.127400,-1.553824,-1.039863,-1.473295
23.950645,2.307474,6.105247,0.000000,2.914567,6.455454,0.680690,2.070602,5.919055,-0.299858,5.165234,5.384090,4.862283,0.208328,0.200515,0.245655,2.334523,2.151770,2.150227,-1.527315,-0.960374,-1.390234
24.050439,2.237709,6.176594,0.000000,2.853710,6.548821,0.698899,2.022347,5.993091,-0.282055,5.135641,5.364173,4.836949,0.212488,0.204888,0.251822,2.355520,2.175861,2.174006,-1.486339,-0.885640,-1.308447
24.150233,2.166435,6.246457,0.000000,2.790434,6.641088,0.716761,1.972587,6.065651,-0.264672,5.106677,5.345670,4.813090,0.217144,0.209044,0.257781,2.376938,2.200826,2.198699,-1.361898,-0.817152,-1.233143
24.250028,2.093690,6.314731,0.000000,2.724660,6.732155,0.734193,1.921401,6.136526,-0.247789,5.079993,5.328470,4.790639,0.224432,0.212972,0.263533,2.398965,2.226604,2.224271,-1.231398,-0.751129,-1.159952
24.349822,2.019400,6.381389,0.000000,2.656190,6.822034,0.751142,1.868753,6.205638,-0.231465,5.055745,5.312519,4.769556,0.231797,0.216683,0.269072,2.421734,2.253115,2.250665,-1.080432,-0.690789,-1.090443
24.449616,1.943611,6.446291,0.000000,2.510853,6.997489,0.786714,1.759210,6.337918,-0.201420,5.034374,5.284033,4.731297,0.239658,0.223472,0.279511,2.445247,2.308091,2.305663,-0.910985,-0.579338,-0.963094
24.549411,1.866285,6.509367,0.000000,2.433658,7.082840,0.802008,1.702306,6.400839,-0.187018,5.016283,5.271400,4.713996,0.247881,0.226566,0.284409,2.469572,2.336427,2.334145,-0.732482,-0.530176,-0.906046
24.649205,1.787402,6.570527,0.000000,2.353490,7.166153,0.816470,1.643978,6.461460,-0.173473,5.001690,5.259759,4.697799,0.256081,0.229462,0.289094,2.494730,2.365255,2.363197,-0.549987,-0.482775,-0.850436
24.748999,1.707012,6.629629,0.000000,2.270218,7.247312,0.830053,1.584111,6.519811,-0.160821,4.990704,5.249075,4.682641,0.263850,0.232168,0.293563,2.520666,2.394509,2.392756,-0.345661,-0.437482,-0.803152
24.848794,1.625072,6.686609,0.000000,2.183984,7.325948,0.842657,1.522699,6.575813,-0.149118,4.983788,5.239339,4.668364,0.271914,0.234691,0.297826,2.547401,2.424141,2.422751,-0.264152,-0.397426,-0.754164
24.948588,1.541632,6.741339,0.000000,2.095226,7.401591,0.854250,1.459377,6.629778,-0.138281,4.978496,5.230486,4.654904,0.275473,0.237030,0.301874,2.574784,2.454097,2.453113,-0.234895,-0.359331,-0.707645
25.048382,1.456718,6.793756,0.000000,2.004054,7.474194,0.864932,1.394166,6.681706,-0.128269,4.973785,5.222473,4.642214,0.277121,0.239196,0.305717,2.602355,2.484323,2.483776,-0.220940,-0.325087,-0.665633
25.148177,1.370378,6.843810,0.000000,1.910772,7.543576,0.874719,1.327148,6.731552,-0.119050,4.969350,5.215231,4.630223,0.278196,0.241188,0.309355,2.630095,2.514778,2.514672,-0.215653,-0.293762,-0.625094
25.247971,1.282701,6.891440,0.000000,1.815474,7.609764,0.883706,1.258290,6.779375,-0.110558,4.965017,5.208692,4.618891,0.276413,0.243001,0.312790,2.657763,2.545384,2.545702,-0.281903,-0.265820,-0.588143
25.347765,1.193724,6.936644,0.000000,1.619481,7.732481,0.902016,1.115576,6.868722,-0.095408,4.959348,5.197410,4.598011,0.274859,0.246098,0.319063,2.685271,2.606817,2.607812,-0.345451,-0.221807,-0.524359
25.447560,1.103550,6.979387,0.000000,1.519000,7.789044,0.909097,1.041892,6.910199,-0.088565,4.952392,5.192486,4.588358,0.273104,0.247370,0.321896,2.712617,2.637468,2.638692,-0.419586,-0.206448,-0.498159
25.547354,1.012243,7.019657,0.000000,1.417048,7.842402,0.915530,0.966806,6.949496,-0.082343,4.943930,5.187909,4.579148,0.271443,0.248460,0.324518,2.739786,2.667989,2.669334,-0.496623,-0.196161,-0.475717
25.647149,0.919874,7.057441,0.000000,1.313700,7.892586,0.921343,0.890384,6.986604,-0.076716,4.933895,5.183563,4.570313,0.270123,0.249359,0.326926,2.766806,2.698293,2.699657,-0.569514,-0.191066,-0.457610
25.746943,0.826523,7.092720,0.000000,1.209072,7.939597,0.926561,0.812727,7.021496,-0.071660,4.922362,5.179334,4.561781,0.269238,0.250081,0.329117,2.793718,2.728287,2.729634,-0.634856,-0.191005,-0.444285
25.846737,0.732263,7.125476,0.000000,1.103269,7.983447,0.931208,0.733923,7.054155,-0.067153,4.909475,5.175108,4.553466,0.268585,0.250644,0.331080,2.820551,2.757986,2.759209,-0.698061,-0.190591,-0.436115
25.946532,0.637150,7.155696,0.000000,0.996380,8.024148,0.935311,0.654055,7.084566,-0.063170,4.895265,5.170894,4.545273,0.268132,0.251069,0.332810,2.847333,2.787372,2.788477,-0.760081,-0.194484,-0.433220
26.046326,0.541268,7.183360,0.000000,0.779730,8.096142,0.943349,0.491462,7.138592,-0.056341,4.879745,5.162135,4.528916,0.267901,0.251627,0.335612,2.874078,2.845317,2.846169,-0.820459,-0.212981,-0.434635
26.146120,0.444688,7.208448,0.000000,0.670144,8.127458,0.946261,0.408901,7.162184,-0.053463,4.862937,5.157431,4.520668,0.267997,0.251803,0.336708,2.900810,2.873923,2.874663,-0.876585,-0.226832,-0.441274
26.245915,0.347455,7.230948,0.000000,0.559821,8.155668,0.948727,0.325615,7.183481,-0.051022,4.844915,5.152420,4.512269,0.268638,0.251942,0.337619,2.927588,2.902323,2.902953,-0.921403,-0.243166,-0.452841
26.345709,0.249673,7.250829,0.000000,0.448850,8.180777,0.950769,0.241689,7.202471,-0.048999,4.825899,5.147048,4.503625,0.269462,0.252048,0.338370,2.954434,2.930536,2.931070,-0.965136,-0.261964,-0.468833
26.445503,0.151375,7.268077,0.000000,0.337274,8.202799,0.952408,0.157195,7.219147,-0.047375,4.805899,5.141256,4.494650,0.270645,0.252152,0.338971,2.981382,2.958588,2.959034,-1.002766,-0.282584,-0.489766
26.545298,0.052653,7.282662,0.000000,0.225187,8.221728,0.953658,0.072243,7.233493,-0.046134,4.785032,5.135005,4.485252,0.272147,0.252252,0.339457,3.008464,2.986508,2.986864,-1.035014,-0.305074,-0.514908
26.645092,-0.046417,7.294560,0.000000,0.112649,8.237566,0.954536,-0.013107,7.245505,-0.045260,4.763397,5.128248,4.475347,0.273807,0.252341,0.339852,3.035704,3.014311,3.014590,-1.065642,-0.329939,-0.543928
26.744886,-0.145802,7.303749,0.000000,-0.113414,8.259954,0.955801,-0.184716,7.262499,-0.044174,4.741019,5.113010,4.453704,0.275381,0.252543,0.340532,3.063110,3.069671,3.069802,-1.101960,-0.385986,-0.611635
26.844681,-0.245369,7.310202,0.000000,-0.226810,8.266505,0.956008,-0.270848,7.267475,-0.043968,4.717767,5.104428,4.441840,0.277180,0.252687,0.340931,3.090675,3.097267,3.097332,-1.135726,-0.416675,-0.648318
26.944475,-0.345105,7.313899,0.000000,-0.340312,8.269957,0.955913,-0.357079,7.270098,-0.044067,4.693681,5.095150,4.429230,0.279096,0.252886,0.341435,3.118435,3.124845,3.124842,-1.170037,-0.448431,-0.685434
27.044269,-0.444893,7.314817,0.000000,-0.453873,8.270312,0.955528,-0.443355,7.270367,-0.044456,4.668738,5.085146,4.415858,0.281215,0.253164,0.342073,3.146391,3.152420,3.152355,-1.202791,-0.480669,-0.722407
27.144064,-0.544652,7.312934,0.000000,-0.567413,8.267568,0.954865,-0.529602,7.268283,-0.045123,4.642958,5.074399,4.401722,0.283547,0.253559,0.342899,3.174567,3.180014,3.179886,-1.233787,-0.512762,-0.758831
27.243858,-0.644353,7.308228,0.000000,-0.680830,8.261724,0.953937,-0.615725,7.263845,-0.046056,4.616363,5.062910,4.386830,0.286049,0.254086,0.343943,3.202992,3.207651,3.207462,-1.264350,-0.543450,-0.792796
27.343653,-0.743839,7.300681,0.000000,-0.794106,8.252774,0.952754,-0.701696,7.257053,-0.047242,4.588949,5.050699,4.371217,0.288806,0.254780,0.345238,3.231668,3.235345,3.235094,-1.292434,-0.572624,-0.824985
27.443447,-0.843102,7.290267,0.000000,-1.019780,8.225559,0.949655,-0.872770,7.236424,-0.049939,4.560756,5.024269,4.338003,0.291755,0.256764,0.348772,3.260639,3.290990,3.290602,-1.319791,-0.621404,-0.877445
27.543241,-0.942003,7.276969,0.000000,-1.132054,8.207283,0.948185,-0.957746,7.222591,-0.051454,4.531786,5.010180,4.320553,0.294965,0.258075,0.351117,3.289913,3.318972,3.318508,-1.344913,-0.641028,-0.896233
27.643036,-1.040454,7.260768,0.000000,-1.243816,8.185895,0.946514,-1.042223,7.206425,-0.053172,4.502072,4.995600,4.302675,0.298441,0.259605,0.353888,3.319515,3.347097,3.346548,-1.367845,-0.653955,-0.907703
27.742830,-1.138416,7.241636,0.000000,-1.355051,8.161377,0.944651,-1.126172,7.187922,-0.055084,4.471649,4.980667,4.284501,0.302198,0.261364,0.357162,3.349490,3.375381,3.374738,-1.388368,-0.651840,-0.905977
27.842624,-1.235712,7.219568,0.000000,-1.465615,8.133738,0.942604,-1.209466,7.167100,-0.057180,4.440557,4.965730,4.266308,0.306225,0.263364,0.360910,3.379839,3.403855,3.403110,-1.406808,-0.640888,-0.892229
27.942419,-1.332327,7.194527,0.000000,-1.575453,8.102963,0.940381,-1.292051,7.143962,-0.059451,4.408828,4.950986,4.248333,0.310492,0.265594,0.365099,3.410614,3.432542,3.431681,-1.424110,-0.623105,-0.869852
28.042213,-1.428102,7.166510,0.000000,-1.684476,8.069050,0.937988,-1.373854,7.118516,-0.061890,4.376474,4.936595,4.230756,0.315063,0.268044,0.369697,3.441825,3.461467,3.460481,-1.439081,-0.598966,-0.840116
28.142007,-1.522936,7.135500,0.000000,-1.899691,7.991798,0.932328,-1.534768,7.060760,-0.066806,4.343536,4.909478,4.197463,0.319942,0.273508,0.380009,3.473502,3.520156,3.518870,-1.451879,-0.533519,-0.753865
28.241802,-1.616761,7.101468,0.000000,-2.005704,7.948450,0.929963,-1.613714,7.028480,-0.069288,4.310049,4.897015,4.182116,0.325202,0.276431,0.385686,3.505695,3.549974,3.548517,-1.460944,-0.493565,-0.697654
28.341596,-1.709398,7.064423,0.000000,-2.110538,7.901943,0.927475,-1.691541,6.993955,-0.071894,4.276089,4.885443,4.167889,0.330758,0.279441,0.391672,3.538417,3.580150,3.578496,-1.458680,-0.448778,-0.633481
28.441390,-1.800790,7.024328,0.000000,-2.214118,7.852256,0.924867,-1.768143,6.957210,-0.074617,4.241910,4.874878,4.154956,0.337372,0.282516,0.397888,3.571748,3.610711,3.608844,-1.441203,-0.399905,-0.562301
28.541185,-1.890768,6.981184,0.000000,-2.316322,7.799385,0.922142,-1.843412,6.918274,-0.077454,4.207868,4.865429,4.143471,0.344523,0.285623,0.404257,3.605769,3.641702,3.639589,-1.421044,-0.347373,-0.483841
28.640979,-1.979203,6.934976,0.000000,-2.417073,7.743300,0.919300,-1.917275,6.877159,-0.080401,4.174030,4.857190,4.133588,0.351971,0.288717,0.410716,3.640516,3.673153,3.670765,-1.396095,-0.291162,-0.401166
28.740773,-2.065973,6.885684,0.000000,-2.516239,7.683998,0.916339,-1.989612,6.833901,-0.083457,4.140517,4.850258,4.125400,0.359818,0.291790,0.417094,3.676031,3.705101,3.702414,-1.366746,-0.230990,-0.314566
28.840568,-2.150907,6.833315,0.000000,-2.709347,7.555670,0.909563,-2.129331,6.741065,-0.089285,4.107444,4.840735,4.114420,0.368036,0.297806,0.429351,3.712343,3.770655,3.767246,-1.323558,-0.097606,-0.131506
28.940362,-2.233865,6.777860,0.000000,-2.803027,7.486622,0.906863,-2.196508,6.691553,-0.092180,4.075160,4.838388,4.111752,0.377093,0.300763,0.435122,3.749514,3.804351,3.800515,-1.271182,-0.052347,-0.037552
29.040156,-2.314677,6.719321,0.000000,-2.894604,7.414307,0.904061,-2.261758,6.640030,-0.095171,4.043911,4.837125,4.110992,0.386707,0.303673,0.440585,3.787622,3.838720,3.834412,-1.205997,-0.052325,-0.037525
29.139951,-2.393168,6.657710,0.000000,-2.983937,7.338714,0.901148,-2.324972,6.586540,-0.098263,4.014039,4.835859,4.110236,0.397026,0.306506,0.445645,3.826712,3.873806,3.868978,-1.119467,-0.052315,-0.037494
29.239745,-2.469154,6.593041,0.000000,-3.070864,7.259842,0.898118,-2.386037,6.531137,-0.101460,3.986111,4.834589,4.109484,0.408440,0.309232,0.450249,3.866895,3.909662,3.904229,-1.020658,-0.052303,-0.037472
29.339540,-2.542457,6.525315,0.000000,-3.155232,7.177678,0.894956,-2.444826,6.473886,-0.104770,3.960476,4.833315,4.108736,0.420345,0.311816,0.454320,3.908251,3.946335,3.940219,-0.892160,-0.052271,-0.037437
29.439334,-2.612823,6.454604,0.000000,-3.315576,7.003471,0.887372,-2.555103,6.354102,-0.111127,3.937931,4.830753,4.107252,0.433585,0.316487,0.460775,3.950837,4.022446,4.014869,-0.741466,-0.052244,-0.037388
29.539128,-2.680088,6.380890,0.000000,-3.391169,6.911440,0.884597,-2.606350,6.291714,-0.114193,3.919096,4.829465,4.106517,0.447538,0.318484,0.463109,3.994801,4.061961,4.053666,-0.570568,-0.052234,-0.037354
29.638923,-2.743992,6.304249,0.000000,-3.463425,6.816152,0.881689,-2.654837,6.227778,-0.117379,3.904540,4.828172,4.105787,0.461876,0.320225,0.464901,4.040175,4.102427,4.093686,-0.363673,-0.052230,-0.037328
29.738717,-2.804285,6.224760,0.000000,-3.532129,6.717625,0.878619,-2.700429,6.162400,-0.120706,3.895234,4.826872,4.105062,0.477235,0.321645,0.466132,4.087016,4.143831,4.134880,-0.113486,-0.052185,-0.037297
29.838511,-2.860756,6.142443,0.000000,-3.597055,6.615868,0.875355,-2.743003,6.095681,-0.124200,3.892326,4.825567,4.104343,0.493630,0.322744,0.466804,4.135472,4.185957,4.177125,-0.033782,-0.052180,-0.021443
29.938306,-2.913066,6.057524,0.000000,-3.657915,6.510989,0.871856,-2.782430,6.027743,-0.127885,3.891459,4.824256,4.103933,0.505275,0.323522,0.466899,4.185297,4.228683,4.220303,-0.033767,-0.052168,-0.037244
30.038100,-2.961057,5.970025,0.000000,-3.766419,6.292072,0.863400,-2.851395,5.888672,-0.134751,3.890593,4.822141,4.102525,0.517702,0.324086,0.465344,4.236339,4.315634,4.309121,-0.033752,-0.052213,-0.037108
30.137894,-3.004454,5.880193,0.000000,-3.813523,6.178106,0.859998,-2.880623,5.817971,-0.138464,3.889728,4.820806,4.101833,0.524670,0.323857,0.463689,4.288504,4.359717,4.354566,-0.033737,-0.052064,-0.037225
30.237689,-3.043085,5.788235,0.000000,-3.855438,6.061200,0.856025,-2.906156,5.746774,-0.142640,3.888862,4.819464,4.101146,0.525144,0.323279,0.461455,4.340858,4.404040,4.400515,-0.033722,-0.051932,-0.037331
30.337483,-3.076889,5.694255,0.000000,-3.891720,5.941802,0.851357,-2.927976,5.674977,-0.147446,3.887996,4.818119,4.100463,0.526523,0.322351,0.458631,4.393374,4.448506,4.446801,-0.033707,-0.051864,-0.037361
30.437277,-3.105680,5.598805,0.000000,-3.922064,5.820398,0.845921,-2.946087,5.602522,-0.152953,3.887131,4.816772,4.099783,0.514616,0.321057,0.455221,4.445286,4.493010,4.493241,-0.033692,-0.051453,-0.037496
30.537072,-3.129562,5.501886,0.000000,-3.964117,5.573916,0.830572,-2.971191,5.455186,-0.164703,3.886266,4.814101,4.098415,0.504360,0.317376,0.446640,4.496129,4.581662,4.585833,-0.033692,-0.051394,-0.037471
30.636866,-3.148536,5.403886,0.000000,-3.975859,5.450527,0.823615,-2.978374,5.379649,-0.171826,3.885401,4.812778,4.097722,0.490478,0.314964,0.441472,4.545926,4.625595,4.631612,0.128160,-0.051409,0.003602
30.736660,-3.162688,5.305115,0.000000,-3.981711,5.327385,0.815914,-2.982004,5.303192,-0.179645,3.888691,4.811461,4.097789,0.471579,0.312166,0.435717,4.593914,4.669113,4.676782,0.415702,-0.051385,0.107055
30.836455,-3.172179,5.205755,0.000000,-3.981872,5.204666,0.807501,-2.982102,5.226087,-0.188113,3.899345,4.810150,4.099803,0.454481,0.308961,0.429375,4.640117,4.712125,-1.562020,0.644191,-0.051318,0.212709
30.936249,-3.177156,5.106080,0.000000,-3.976526,5.082611,0.798408,-2.978700,5.148503,-0.197200,3.915796,4.808847,4.103830,0.436355,0.305340,0.422440,4.684572,-1.528679,-1.518589,0.868743,-0.012586,0.320750
31.036044,-3.177789,5.006296,0.000000,-3.965910,4.961657,0.788697,-2.971839,5.070390,-0.206879,3.937874,4.808529,4.109954,0.419011,0.301288,0.414918,-1.555942,-1.487044,-1.476298,1.063278,0.094277,0.431184
31.135838,-3.174248,4.906562,0.000000,-3.929942,4.723846,0.764714,-2.948015,4.913103,-0.226246,3.964728,4.815945,4.128802,0.402121,0.291827,0.398123,-1.514957,-1.406753,-1.395868,1.238378,0.313273,0.660010
31.235632,-3.166708,4.807044,0.000000,-3.905158,4.607382,0.754076,-2.931203,4.834125,-0.237012,3.995777,4.823684,4.141690,0.385178,0.286423,0.388832,-1.475672,-1.368369,-1.357972,1.406399,0.426282,0.779372
31.335427,-3.155354,4.707936,0.000000,-3.876206,4.492673,0.743001,-2.911247,4.755072,-0.248198,4.030749,4.834128,4.157004,0.369003,0.280568,0.378924,-1.438060,-1.331427,-1.321672,1.555772,0.542423,0.902969
31.435221,-3.140348,4.609237,0.000000,-3.843354,4.379806,0.731554,-2.888243,4.676053,-0.259746,4.069085,4.847300,4.174843,0.352444,0.274314,0.368414,-1.402045,-1.295933,-1.287026,1.709645,0.660935,1.031062
31.535015,-3.121890,4.511182,0.000000,-3.806875,4.268887,0.719779,-2.862305,4.597198,-0.271599,4.110800,4.863194,4.195294,0.336175,0.267677,0.357247,-1.367693,-1.261859,-1.253827,1.857576,0.782138,1.165368
31.634810,-3.100151,4.413793,0.000000,-3.766981,4.159859,0.707707,-2.833507,4.518504,-0.283731,4.155650,4.881831,4.218507,0.320458,0.260670,0.345458,-1.334936,-1.229198,-1.222035,1.996513,0.906428,1.305807
31.734604,-3.075304,4.317126,0.000000,-3.723960,4.052873,0.695399,-2.801978,4.440106,-0.296091,4.203321,4.903194,4.244583,0.305039,0.253307,0.333100,-1.303721,-1.197956,-1.191663,2.132895,1.034354,1.452326
31.834398,-3.047544,4.221322,0.000000,-3.678026,3.947883,0.682882,-2.767812,4.362019,-0.308647,4.253659,4.927310,4.273647,0.289856,0.245597,0.320218,-1.274053,-1.168160,-1.162726,2.269229,1.166513,1.604962
31.934193,-3.016997,4.126277,0.000000,-3.629407,3.844893,0.670194,-2.731111,4.284284,-0.321369,4.306568,4.954199,4.305810,0.274826,0.237571,0.306868,-1.245866,-1.139797,-1.135223,2.408315,1.303020,1.763728
32.033987,-2.983874,4.032157,0.000000,-3.578347,3.743941,0.657367,-2.692001,4.206965,-0.334221,4.362018,4.983865,4.341157,0.259908,0.229222,0.293071,-1.219189,-1.112851,-1.109110,2.552092,1.445073,1.929525
32.133781,-2.948318,3.938922,0.000000,-3.525015,3.644919,0.644417,-2.650548,4.130005,-0.347189,4.420019,5.016370,4.379838,0.245185,0.220550,0.278883,-1.193990,-1.087314,-1.084363,2.699823,1.586238,2.102496
32.233576,-2.910485,3.846566,0.000000,-3.469669,3.547889,0.631385,-2.606889,4.053468,-0.360241,4.480560,5.051569,4.421933,0.230473,0.211575,0.264356,-1.170252,-1.063162,-1.060966,2.856572,1.726947,2.283117
32.333370,-2.870557,3.755149,0.000000,-3.412486,3.452760,0.618284,-2.561120,3.977332,-0.373354,4.543739,5.089372,4.467565,0.215781,0.202259,0.249571,-1.147994,-1.040372,-1.038898,3.023297,1.877515,2.471218
32.433164,-2.828646,3.664568,0.000000,-3.353631,3.359448,0.605134,-2.513361,3.901617,-0.386517,4.609661,5.129910,4.516810,0.202961,0.192627,0.234616,-1.127098,-1.018936,-1.018139,3.157481,2.038409,2.666656
32.532959,-2.784919,3.574874,0.000000,-3.293288,3.267915,0.591960,-2.463725,3.826328,-0.399710,4.677518,5.173290,4.569740,0.190096,0.182706,0.219551,-1.107487,-0.998825,-0.998683,3.304909,2.210161,2.869910
32.632753,-2.739499,3.486029,0.000000,-3.231586,3.178046,0.578774,-2.412317,3.751455,-0.412916,4.747504,5.219655,4.626428,0.177789,0.172517,0.204488,-1.089147,-0.980035,-0.980516,3.451260,2.393541,3.080167
32.732548,-2.692507,3.397997,0.000000,-3.168663,3.089766,0.565589,-2.359249,3.677004,-0.426123,4.819505,5.269133,4.686903,0.166063,0.162092,0.189475,-1.071990,-0.962550,-0.963618,3.596014,2.589241,3.298241
32.832342,-2.644057,3.310746,0.000000,-3.104666,3.003020,0.552421,-2.304614,3.602951,-0.439319,4.893399,5.321841,4.751222,0.154348,0.151443,0.174551,-1.056002,-0.946348,-0.947985,3.754600,2.798691,3.525018
32.932136,-2.594282,3.224273,0.000000,-3.039724,2.917734,0.539280,-2.248494,3.529252,-0.452490,4.969379,5.377919,4.819458,0.142363,0.140617,0.159755,-1.041199,-0.931423,-0.933597,3.935841,3.022311,3.761412
33.031931,-2.543272,3.138495,0.000000,-2.973960,2.833824,0.526173,-2.190969,3.455857,-0.465630,5.047799,5.437503,4.891697,0.130380,0.129654,0.145122,-1.027590,-0.917751,-0.920447,4.120336,3.260931,4.008430
33.131725,-2.491156,3.053400,0.000000,-2.907532,2.751257,0.513113,-2.132153,3.382753,-0.478724,5.128611,5.500688,4.967987,0.118542,0.118578,0.130697,-1.015173,-0.905322,-0.908521,4.311223,3.516183,4.266813
33.231519,-2.438039,2.968930,0.000000,-2.840519,2.669905,0.500101,-2.072095,3.309846,-0.491775,5.211825,5.567654,5.048462,0.106813,0.107449,0.116518,-1.003930,-0.894120,-0.897800,4.520083,3.788286,4.525538
33.331314,-2.384004,2.884997,0.000000,-2.773068,2.589724,0.487149,-2.010909,3.237113,-0.504771,5.297667,5.638496,5.132956,0.095102,0.096270,0.102621,-0.993852,-0.884121,-0.888277,4.751561,4.080084,4.791375
33.431108,-2.329210,2.801637,0.000000,-2.705275,2.510615,0.474262,-1.948673,3.164491,-0.517706,5.386431,5.713387,5.221470,0.083688,0.085033,0.089007,-0.984935,-0.875317,-0.879935,4.998170,4.394954,5.075240
33.530902,-2.273693,2.718693,0.000000,-2.637222,2.432469,0.461442,-1.885452,3.091894,-0.530579,5.478249,5.792550,5.314217,0.072298,0.073739,0.075674,-0.977151,-0.867693,-0.872765,5.271494,4.736453,5.379800
33.630697,-2.217590,2.636169,0.000000,-2.569072,2.355271,0.448707,-1.821386,3.019325,-0.543375,5.573450,5.876148,5.411326,0.061056,0.062386,0.062623,-0.970500,-0.861241,-0.866758,5.569761,5.108860,5.708137
33.730491,-2.160990,2.553994,0.000000,-2.500848,2.278857,0.436050,-1.756497,2.946645,-0.556098,5.672302,5.964545,5.513145,0.049940,0.050982,0.049793,-0.964963,-0.855957,-0.861904,5.896768,5.516530,6.065734
33.830285,-2.103950,2.472058,0.000000,-2.432693,2.203195,0.423486,-1.690910,2.873834,-0.568736,5.775114,6.057997,5.619928,0.038867,0.039520,0.037165,-0.960530,-0.851834,-0.858199,6.259640,5.965427,6.457715
33.930080,-2.046639,2.390412,0.000000,-2.364680,2.128184,0.411019,-1.624700,2.800812,-0.581284,5.882286,6.156897,5.732073,0.028057,0.027995,0.024738,-0.957193,-0.848865,-0.855636,6.653298,6.462500,6.889269
34.029874,-1.989066,2.308878,0.000000,-2.296870,2.053712,0.398653,-1.557923,2.727476,-0.593740,5.994098,6.261722,5.850066,0.017282,0.016399,0.012516,-0.954931,-0.847044,-0.854210,7.092773,7.016101,7.366443
34.129668,-1.931363,2.227460,0.000000,-2.229414,1.979773,0.386406,-1.490735,2.653831,-0.606085,6.111043,6.372880,5.974276,0.006781,0.004725,0.000539,-0.953735,-0.846362,-0.853916,7.572694,-4.605107,7.894848
34.229463,-1.873611,2.146087,0.000000,-2.162316,1.906203,0.374274,-1.423146,2.579722,-0.618325,6.233480,6.300517,6.105382,-0.003493,-0.007038,-0.011174,-0.953572,-0.846813,-0.854751,7.611746,-7.048489,7.351542
34.329257,-1.815859,2.064656,0.000000,-2.095704,1.832976,0.362277,-1.355290,2.505127,-0.630442,6.354171,6.188783,6.225622,-0.013727,-0.018904,-0.022612,-0.954432,-0.848391,-0.856709,-6.803109,-6.501550,6.699355
34.429052,-1.758258,1.983201,0.000000,-2.029645,1.760005,0.350424,-1.287240,2.429956,-0.642427,6.246412,6.084500,6.333796,-0.023666,-0.030885,-0.033758,-0.956298,-0.851091,-0.859786,-6.351988,-5.992320,5.998440
34.528846,-1.700823,1.901575,0.000000,-1.964194,1.687191,0.338725,-1.219059,2.354104,-0.654272,6.144093,5.987300,6.429661,-0.033589,-0.042996,-0.044602,-0.959155,-0.854907,-0.863979,-5.941788,-5.528926,2.188171
34.628640,-1.643668,1.819763,0.000000,-1.899480,1.614522,0.327203,-1.150901,2.277567,-0.665950,6.046815,5.896757,6.464445,-0.043549,-0.055283,-0.055132,-0.963003,-0.859835,-0.869285,-5.566879,-5.087902,-4.298493
34.728435,-1.586874,1.737711,0.000000,-1.835517,1.541864,0.315859,-1.082800,2.200208,-0.677459,5.954232,5.812634,6.395547,-0.053551,-0.067718,-0.065334,-0.967848,-0.865870,-0.875704,-5.224502,-4.676426,-3.852069
34.828229,-1.530506,1.655338,0.000000,-1.772412,1.469190,0.304710,-1.014881,2.121990,-0.688780,5.866015,5.734677,6.332846,-0.063556,-0.080264,-0.075196,-0.973692,-0.873010,-0.883233,-4.915408,-4.288693,-3.443278
34.928023,-1.474675,1.572629,0.000000,-1.710234,1.396433,0.293768,-0.947234,2.042832,-0.699901,5.781788,5.662651,6.275976,-0.073455,-0.092879,-0.084708,-0.980528,-0.881252,-0.891873,-4.630392,-3.917373,-3.063843
35.027818,-1.419448,1.489507,0.000000,-1.649042,1.323518,0.283044,-0.879937,1.962640,-0.710812,5.701307,5.596412,6.224659,-0.083375,-0.105520,-0.093859,-0.988354,-0.890593,-0.901627,-4.368418,-3.567215,-2.714923
35.127612,-1.364912,1.405924,0.000000,-1.588949,1.250434,0.272559,-0.813123,1.881381,-0.721491,5.624323,5.535773,6.178604,-0.093272,-0.118149,-0.102643,-0.997169,-0.901036,-0.912496,-4.126055,-3.229998,-2.386307
35.227406,-1.311158,1.321840,0.000000,-1.530008,1.177103,0.262327,-0.746861,1.798939,-0.731926,5.550630,5.480603,6.137618,-0.103165,-0.130713,-0.111078,-1.006971,-0.912581,-0.924482,-3.899465,-2.906604,-2.076787
35.327201,-1.258279,1.237217,0.000000,-1.472311,1.103491,0.252370,-0.681275,1.715260,-0.742095,5.480074,5.430775,6.101537,-0.113099,-0.143161,-0.119162,-1.017761,-0.925228,-0.937596,-3.686145,-2.594975,-1.783271
35.426995,-1.206345,1.151981,0.000000,-1.415937,1.029557,0.242708,-0.616480,1.630280,-0.751976,5.412531,5.386165,6.070223,-0.123090,-0.155434,-0.126893,-1.029548,-0.938984,-0.951839,-3.484556,-2.295617,-1.502780
35.526789,-1.155474,1.066134,0.000000,-1.360962,0.955257,0.233361,-0.552590,1.543928,-0.761548,5.347898,5.346627,6.043572,-0.133136,-0.167412,-0.134264,-1.042331,-0.953849,-0.967229,-3.290764,-2.007868,-1.233184
35.626584,-1.105744,0.979609,0.000000,-1.307472,0.880562,0.224351,-0.489726,1.456142,-0.770788,5.286135,5.312014,6.021500,-0.143307,-0.179025,-0.141266,-1.056123,-0.969834,-0.983773,-3.102723,-1.732050,-0.972750
35.726378,-1.057253,0.892379,0.000000,-1.255554,0.805452,0.215703,-0.428018,1.366864,-0.779670,5.227232,5.282158,6.003942,-0.153624,-0.190196,-0.147890,-1.070940,-0.986952,-1.001483,-2.921796,-1.467047,-0.719575
35.826172,-1.010122,0.804445,0.000000,-1.205290,0.729895,0.207441,-0.367592,1.276028,-0.788170,5.171150,5.256893,5.990852,-0.164008,-0.200857,-0.154125,-1.086785,-1.005208,-1.020382,-2.736722,-1.213154,-0.472125
35.925967,-0.964415,0.715708,0.000000,-1.110098,0.577418,0.192350,-0.251158,1.089494,-0.805166,5.118063,5.219391,5.977971,-0.174768,-0.220372,-0.165383,-1.103692,-1.045204,-1.061816,-2.556815,-0.741002,-0.080093
36.025761,-0.920276,0.626217,0.000000,-1.065341,0.500466,0.185277,-0.195431,0.993676,-0.812503,5.067964,5.206737,5.976485,-0.185569,-0.229103,-0.170373,-1.121670,-1.066966,-1.084363,-2.369196,-0.523491,-0.080080
36.125556,-0.877799,0.535916,0.000000,-1.022617,0.423068,0.178680,-0.141588,0.896131,-0.819355,5.021095,5.197841,5.974992,-0.196783,-0.237078,-0.174916,-1.140738,-1.089955,-1.108110,-2.159218,-0.318881,-0.080049
36.225350,-0.837100,0.444791,0.000000,-0.982008,0.345212,0.172585,-0.089780,0.796797,-0.825692,4.977996,5.192451,5.973491,-0.208518,-0.244253,-0.178977,-1.160962,-1.114180,-1.132858,-1.937066,-0.125915,-0.079991
36.325144,-0.798318,0.352867,0.000000,-0.943619,0.266930,0.167025,-0.040178,0.695642,-0.831483,4.939011,5.190337,5.971982,-0.220384,-0.250665,-0.182570,-1.182357,-1.139688,-1.158451,-1.672176,-0.059642,-0.080012
36.424939,-0.761559,0.260088,0.000000,-0.907564,0.188274,0.162031,0.007019,0.592674,-0.836692,4.905107,5.189342,5.970464,-0.233651,-0.256310,-0.185704,-1.205013,-1.166615,-1.184793,-1.404076,-0.059563,-0.079929
36.524733,-0.726977,0.166486,0.000000,-0.873920,0.109234,0.157633,0.051651,0.487807,-0.841289,4.876458,5.188356,5.968939,-0.246814,-0.261190,-0.188388,-1.228987,-1.194834,-1.211776,-1.109965,-0.059551,-0.079927
36.624527,-0.694708,0.072051,0.000000,-0.842817,0.029909,0.153869,0.093487,0.381101,-0.845235,4.853690,5.187378,5.967404,-0.260556,-0.265301,-0.190633,-1.254286,-1.224180,-1.239301,-0.768113,-0.059486,-0.079912
36.724322,-0.664903,-0.023196,0.000000,-0.814343,-0.049676,0.150776,0.132329,0.272522,-0.848492,4.837871,5.186409,5.965859,-0.275471,-0.268638,-0.192442,-1.281030,-1.254468,-1.267278,-0.388396,-0.059407,-0.079852
36.824116,-0.637735,-0.119206,0.000000,-0.788617,-0.129422,0.148393,0.167959,0.162062,-0.851020,4.829853,5.185449,5.964305,-0.290952,-0.271203,-0.193823,-1.309285,-1.285527,-1.295617,-0.052016,-0.059494,-0.079837
36.923910,-0.613362,-0.215979,0.000000,-0.745829,-0.289088,0.145714,0.228572,-0.064271,-0.854274,4.828778,5.183552,5.961171,-0.307180,-0.273983,-0.195303,-1.339132,-1.349235,-1.353012,-0.051993,-0.059596,-0.079533
37.023705,-0.591969,-0.313441,0.000000,-0.728909,-0.368996,0.145253,0.253037,-0.179836,-0.854698,4.827703,5.182613,5.959595,-0.323232,-0.274201,-0.195405,-1.370588,-1.381502,-1.381896,-0.051970,-0.059919,-0.078729
37.123499,-0.573724,-0.411532,0.000000,-0.715036,-0.449042,0.145591,0.273287,-0.296671,-0.854301,4.826629,5.181674,5.958028,-0.318901,-0.273637,-0.195083,-1.403124,-1.413793,-1.410780,-0.051970,-0.059897,-0.078536
37.223293,-0.558598,-0.510168,0.000000,-0.704019,-0.530260,0.146802,0.289139,-0.413487,-0.852997,4.825554,5.180726,5.956474,-0.295008,-0.272298,-0.194338,-1.433750,-1.445909,-1.439578,0.193753,-0.059875,-0.082954
